day_of_week,hour_of_day,party_size,queue_length,tables_available,wait_time
0,11,1,0,12,0.0
0,11,2,0,11,0.0
0,11,4,0,10,0.0
0,12,3,0,9,0.0
0,12,2,0,8,0.0
0,12,1,0,7,0.0
0,12,4,0,6,0.0
0,12,2,0,6,0.0
0,12,4,0,5,0.0
0,12,4,0,4,0.0
0,12,2,0,3,0.0
0,12,6,0,2,0.0
0,12,2,0,1,0.0
0,12,4,1,0,16.6
0,12,5,0,0,24.9
0,12,3,2,1,11.4
0,13,3,0,2,10.1
0,13,4,0,4,0.4
0,13,3,0,5,0.0
0,13,1,0,4,0.0
0,13,2,0,3,0.0
0,13,2,0,2,0.0
0,13,2,0,1,0.0
0,13,2,0,1,0.0
0,13,2,0,0,2.6
0,13,6,1,0,1.7
0,13,4,0,0,2.1
0,13,2,1,0,6.2
0,13,4,1,0,9.2
0,14,3,0,0,8.8
0,14,5,0,3,0.0
0,14,2,0,5,0.0
0,14,2,0,4,0.0
0,14,2,0,4,0.0
0,15,2,0,11,0.0
0,16,6,0,11,0.0
0,16,2,0,10,0.0
0,16,3,0,9,0.0
0,16,4,0,9,0.0
0,17,2,0,8,0.0
0,18,2,0,11,0.0
0,18,2,0,10,0.0
0,18,4,0,9,0.0
0,18,2,0,8,0.0
0,18,8,0,8,0.0
0,18,1,1,7,0.0
0,18,4,1,7,0.0
0,19,4,1,6,0.0
0,19,3,1,6,0.0
0,19,6,1,5,0.0
0,19,2,1,6,0.0
0,19,2,1,5,0.0
0,19,5,1,6,0.0
0,19,4,1,5,0.0
0,18,7,0,7,75.5
0,19,2,0,4,0.0
0,19,3,0,3,0.0
0,20,1,0,4,0.0
0,20,1,0,3,0.0
0,20,2,1,5,0.0
0,20,5,0,3,12.6
0,20,2,1,5,0.0
0,20,5,1,4,20.4
0,20,2,0,4,0.0
0,21,2,0,6,0.0
0,21,3,0,6,0.0
0,21,5,0,5,0.0
0,21,2,0,5,0.0
0,21,4,0,4,0.0
0,21,2,0,3,0.0
0,22,3,0,7,0.0
0,22,2,0,8,0.0
0,22,2,0,7,0.0
0,22,2,0,8,0.0
0,22,2,0,8,0.0
1,11,4,0,12,0.0
1,11,4,0,11,0.0
1,11,6,0,10,0.0
1,11,4,0,9,0.0
1,11,2,0,8,0.0
1,12,2,0,7,0.0
1,12,2,0,6,0.0
1,12,8,0,7,0.0
1,12,2,0,9,0.0
1,12,2,0,8,0.0
1,13,5,0,10,0.0
1,13,2,0,9,0.0
1,13,4,0,8,0.0
1,13,8,0,7,0.0
1,13,1,0,6,0.0
1,13,2,0,6,0.0
1,13,6,0,6,0.0
1,13,2,0,5,0.0
1,13,3,0,4,0.0
1,14,4,0,3,0.0
1,14,4,0,3,0.0
1,14,3,0,3,0.0
1,14,5,0,6,0.0
1,14,3,0,7,0.0
1,14,1,0,7,0.0
1,15,2,0,9,0.0
1,15,3,0,10,0.0
1,16,2,0,9,0.0
1,16,6,0,10,0.0
1,17,4,0,11,0.0
1,17,2,0,10,0.0
1,17,6,0,9,0.0
1,17,5,0,8,0.0
1,18,2,0,7,0.0
1,18,4,0,6,0.0
1,18,3,0,6,0.0
1,18,2,0,6,0.0
1,18,5,0,8,0.0
1,19,5,0,9,0.0
1,19,4,0,8,0.0
1,19,6,0,7,0.0
1,19,2,1,8,0.0
1,19,2,1,7,0.0
1,19,4,2,6,0.0
1,20,4,2,5,0.0
1,20,1,2,4,0.0
1,20,2,2,3,0.0
1,20,4,3,3,0.0
1,19,5,0,6,57.6
1,19,5,1,6,32.2
1,20,2,5,4,0.0
1,20,4,5,5,0.0
1,20,4,5,4,0.0
1,20,2,5,3,0.0
1,20,2,5,2,0.0
1,20,1,5,2,0.0
1,20,6,3,4,32.0
1,21,4,4,3,0.0
1,21,4,4,4,0.0
1,21,2,4,4,0.0
1,21,2,4,4,0.0
1,21,5,4,4,0.0
1,21,2,4,4,0.0
1,21,3,4,3,0.0
1,20,7,2,3,99.4
1,21,2,3,4,0.0
1,21,3,3,4,0.0
1,22,6,3,4,0.0
1,22,2,3,5,0.0
1,22,1,3,7,0.0
1,20,8,2,2,164.4
1,20,7,3,4,243.8
1,20,7,4,4,328.3
2,11,2,0,12,0.0
2,11,3,0,11,0.0
2,11,2,0,10,0.0
2,11,6,0,9,0.0
2,12,5,0,8,0.0
2,12,2,0,8,0.0
2,12,2,0,7,0.0
2,12,5,0,6,0.0
2,12,3,0,7,0.0
2,12,3,0,6,0.0
2,12,2,0,5,0.0
2,12,3,0,5,0.0
2,12,2,0,4,0.0
2,13,2,0,3,0.0
2,13,2,0,2,0.0
2,13,1,0,2,0.0
2,13,3,0,1,0.0
2,13,4,0,0,1.3
2,13,3,1,0,2.9
2,13,2,2,0,15.7
2,13,2,2,0,26.6
2,13,2,2,0,21.4
2,13,2,3,0,12.4
2,13,3,4,0,14.9
2,14,4,1,4,0.0
2,13,5,2,0,45.5
2,14,4,0,4,0.0
2,14,6,0,7,0.0
2,14,1,0,6,0.0
2,14,2,0,5,0.0
2,14,3,0,6,0.0
2,14,4,0,5,0.0
2,15,4,0,4,0.0
2,15,2,0,7,0.0
2,17,1,0,12,0.0
2,17,4,0,11,0.0
2,17,2,0,10,0.0
2,18,4,0,11,0.0
2,18,2,0,10,0.0
2,18,5,0,9,0.0
2,18,2,0,8,0.0
2,18,4,0,9,0.0
2,18,3,0,8,0.0
2,19,2,0,8,0.0
2,19,5,0,7,0.0
2,19,7,0,6,0.0
2,19,3,1,5,0.0
2,19,4,2,5,0.0
2,19,3,2,4,0.0
2,19,5,0,5,20.4
2,19,4,1,5,0.0
2,19,7,1,5,12.5
2,19,2,1,4,0.0
2,20,3,1,4,0.0
2,20,2,1,3,0.0
2,20,2,2,2,0.0
2,20,2,2,1,0.0
2,19,5,1,4,36.0
2,20,4,1,1,0.0
2,20,1,1,0,3.8
2,20,5,1,2,35.5
2,20,2,0,0,2.9
2,20,3,0,2,0.0
2,21,4,0,5,0.0
2,21,4,0,6,0.0
2,21,2,0,5,0.0
2,21,2,0,5,0.0
2,21,3,0,5,0.0
2,21,3,0,5,0.0
2,21,2,0,5,0.0
2,22,2,0,9,0.0
2,22,2,0,8,0.0
2,22,3,0,7,0.0
2,22,2,0,8,0.0
2,22,3,0,7,0.0
2,22,7,0,8,0.0
3,11,2,0,12,0.0
3,11,4,0,11,0.0
3,12,3,0,11,0.0
3,12,1,0,10,0.0
3,12,2,0,9,0.0
3,12,2,0,8,0.0
3,12,5,0,7,0.0
3,12,6,0,6,0.0
3,13,2,0,9,0.0
3,13,4,0,8,0.0
3,13,4,0,7,0.0
3,13,2,0,7,0.0
3,13,4,0,6,0.0
3,13,2,0,5,0.0
3,13,2,0,4,0.0
3,13,5,0,3,0.0
3,13,4,0,2,0.0
3,13,6,0,2,0.0
3,13,3,0,1,0.0
3,13,2,0,0,1.7
3,13,3,1,1,0.0
3,14,3,1,1,4.3
3,14,2,1,1,0.0
3,14,4,1,0,13.7
3,14,4,2,1,10.5
3,14,3,3,2,25.9
3,13,7,0,0,66.3
3,14,3,1,4,4.1
3,15,2,1,6,0.0
3,15,3,1,5,0.0
3,15,2,1,6,0.0
3,15,7,1,4,79.6
3,16,3,0,11,0.0
3,16,5,0,10,0.0
3,17,3,0,9,0.0
3,17,5,0,8,0.0
3,18,3,0,10,0.0
3,18,6,0,9,0.0
3,18,5,0,8,0.0
3,18,2,0,7,0.0
3,18,3,0,8,0.0
3,18,3,0,7,0.0
3,19,2,0,6,0.0
3,19,2,1,5,0.0
3,19,2,1,4,0.0
3,19,8,0,5,10.3
3,19,3,0,4,0.0
3,19,2,0,3,0.0
3,19,4,0,3,0.0
3,19,2,0,3,0.0
3,19,1,0,4,0.0
3,19,4,0,4,0.0
3,19,2,0,3,0.0
3,19,5,0,2,0.0
3,20,1,0,1,0.0
3,20,4,0,1,2.6
3,20,3,1,5,0.0
3,20,4,1,4,0.0
3,20,4,1,3,1.4
3,20,3,2,3,8.5
3,20,5,0,5,20.5
3,20,2,0,5,0.0
3,20,4,0,6,0.0
3,20,5,0,6,0.0
3,21,2,0,6,0.0
3,21,4,0,5,0.0
3,21,1,0,7,0.0
3,21,4,0,6,0.0
3,21,8,0,6,0.0
3,21,3,0,7,0.0
3,21,4,0,6,0.0
3,22,4,0,6,0.0
3,22,1,0,10,0.0
4,11,3,0,12,0.0
4,11,4,0,11,0.0
4,11,2,0,10,0.0
4,12,7,0,9,0.0
4,12,4,0,9,0.0
4,12,2,1,9,0.0
4,12,1,1,8,0.0
4,12,3,1,7,0.0
4,12,4,1,7,0.0
4,12,5,1,6,0.0
4,13,2,1,5,0.0
4,13,5,1,4,0.0
4,13,2,2,3,0.0
4,12,7,0,8,41.2
4,13,3,2,2,0.0
4,13,3,3,2,0.0
4,13,3,4,1,2.5
4,13,2,6,2,0.0
4,13,4,4,2,18.7
4,13,2,5,1,0.0
4,13,6,1,3,39.7
4,13,3,5,2,15.8
4,13,1,4,0,2.6
4,13,3,5,0,30.2
4,14,2,4,1,0.0
4,13,3,5,0,22.3
4,13,6,1,2,73.6
4,14,3,3,0,5.0
4,13,6,2,1,78.4
4,14,2,1,6,0.0
4,14,2,1,5,0.0
4,13,5,3,1,120.5
4,15,3,0,5,0.0
4,15,4,0,7,0.0
4,16,4,0,8,0.0
4,16,2,0,7,0.0
4,16,2,0,8,0.0
4,16,2,0,8,0.0
4,16,5,0,7,0.0
4,16,2,0,8,0.0
4,17,5,0,8,0.0
4,17,2,0,7,0.0
4,17,2,0,6,0.0
4,17,1,0,6,0.0
4,17,4,0,5,0.0
4,17,2,0,4,0.0
4,17,1,0,3,0.0
4,17,3,0,4,0.0
4,17,3,0,3,0.0
4,17,3,0,7,0.0
4,18,6,0,6,0.0
4,18,4,0,5,0.0
4,18,3,0,6,0.0
4,18,3,1,5,0.0
4,18,4,1,5,0.0
4,18,6,1,5,0.0
4,18,2,1,4,0.0
4,18,2,1,3,0.0
4,18,2,2,2,0.0
4,18,4,1,2,19.1
4,18,7,0,5,33.0
4,19,2,1,2,0.0
4,19,3,0,1,14.4
4,19,2,2,3,0.0
4,19,2,2,2,0.0
4,19,2,3,1,0.0
4,19,4,2,2,12.0
4,19,3,2,1,4.4
4,19,5,1,2,22.6
4,19,4,2,0,8.3
4,19,2,2,0,24.1
4,19,2,1,0,13.9
4,19,2,2,0,10.6
4,19,4,3,0,10.6
4,20,2,2,0,1.6
4,19,3,2,0,27.4
4,19,3,3,0,24.3
4,20,4,2,1,19.1
4,20,4,3,1,12.3
4,20,4,0,3,3.0
4,20,2,2,3,0.0
4,20,2,2,2,0.0
4,20,3,1,3,13.8
4,20,4,2,3,13.2
4,20,3,0,1,16.7
4,20,5,1,2,10.2
4,21,4,0,3,0.0
4,21,1,0,2,0.0
4,21,5,0,5,0.0
4,21,2,0,4,0.0
4,21,2,0,3,0.0
4,21,1,0,2,0.0
4,21,3,0,3,0.0
4,21,2,0,2,0.0
4,22,4,0,1,0.0
4,22,3,0,0,0.1
4,22,2,0,2,0.0
4,22,4,0,2,0.0
4,22,2,0,2,0.0
4,22,2,0,1,0.0
4,22,4,0,5,0.0
4,22,4,0,5,0.0
4,22,3,0,6,0.0
5,11,2,0,12,0.0
5,11,6,0,11,0.0
5,11,4,0,10,0.0
5,11,2,0,9,0.0
5,11,3,0,8,0.0
5,11,3,0,7,0.0
5,11,2,0,6,0.0
5,11,3,0,5,0.0
5,11,4,0,4,0.0
5,11,4,0,3,0.0
5,11,2,0,2,0.0
5,12,4,0,2,0.0
5,12,6,0,1,1.5
5,12,2,0,2,0.0
5,12,2,0,2,0.0
5,12,2,1,2,0.0
5,12,2,2,2,0.0
5,12,4,2,3,0.0
5,12,4,3,2,0.0
5,12,4,3,1,0.4
5,12,2,3,1,0.0
5,12,6,1,1,31.3
5,12,2,3,0,7.4
5,12,5,2,2,19.5
5,12,2,5,0,5.6
5,12,2,6,0,23.7
5,13,4,3,0,20.5
5,13,2,5,0,14.1
5,12,7,0,1,67.9
5,13,2,6,0,21.0
5,13,2,7,0,24.4
5,13,2,6,0,14.8
5,13,2,7,0,11.0
5,13,4,7,0,26.7
5,12,6,4,0,72.2
5,13,3,6,0,38.3
5,13,2,7,0,32.6
5,13,5,4,0,60.6
5,13,3,7,0,29.2
5,13,2,7,0,27.2
5,13,2,7,0,22.3
5,13,3,6,0,47.3
5,14,3,1,0,14.6
5,14,2,2,0,18.9
5,14,7,2,0,16.6
5,14,4,2,0,6.8
5,14,2,3,0,12.7
5,14,5,1,0,28.1
5,15,2,1,5,0.0
5,15,5,2,0,27.5
5,15,2,0,5,0.0
5,16,3,0,5,0.0
5,16,2,0,10,0.0
5,16,2,0,9,0.0
5,16,1,0,8,0.0
5,17,8,0,9,0.0
5,17,1,0,8,0.0
5,17,5,0,8,0.0
5,17,4,0,8,0.0
5,17,2,0,7,0.0
5,17,4,0,8,0.0
5,17,4,0,7,0.0
5,18,2,0,6,0.0
5,18,5,0,6,0.0
5,18,4,0,5,0.0
5,18,2,0,4,0.0
5,18,2,0,3,0.0
5,18,3,0,2,0.0
5,18,3,0,2,0.0
5,18,6,0,2,0.0
5,18,1,0,2,0.0
5,18,2,0,1,0.0
5,18,2,1,0,9.5
5,18,2,5,0,0.4
5,18,3,0,0,26.1
5,18,4,2,0,19.3
5,18,3,4,0,20.7
5,18,4,5,0,15.5
5,19,1,2,1,0.0
5,19,2,2,2,0.0
5,19,4,2,2,0.0
5,19,1,3,1,0.0
5,19,4,2,1,2.4
5,19,2,7,0,5.0
5,19,4,2,0,14.2
5,19,2,8,0,7.4
5,19,4,3,0,23.7
5,19,4,4,0,22.7
5,18,7,3,0,75.3
5,19,4,5,0,31.0
5,19,2,9,0,28.1
5,19,2,9,0,23.7
5,19,4,6,0,39.7
5,19,4,10,0,31.2
5,19,2,9,0,29.9
5,19,2,10,0,31.9
5,19,6,9,0,65.8
5,20,2,10,0,18.8
5,19,4,10,0,51.6
5,20,2,11,0,18.6
5,18,8,5,0,135.5
5,20,3,9,0,53.5
5,20,2,12,0,31.0
5,20,3,8,0,56.6
5,20,4,8,0,58.1
5,20,4,9,0,60.2
5,20,2,12,0,28.1
5,20,3,9,0,63.6
5,20,3,12,0,58.1
5,20,2,12,0,54.4
5,21,1,12,0,36.3
5,21,4,13,0,46.6
5,21,2,13,0,38.8
5,21,4,13,0,46.7
5,21,4,12,0,42.6
5,20,5,13,0,88.0
5,21,2,14,0,16.3
5,21,4,13,0,51.9
5,21,3,13,0,50.2
5,21,6,12,0,83.1
5,19,8,10,0,179.9
5,21,2,14,0,32.9
5,22,2,12,0,31.7
5,22,2,12,0,21.1
5,21,4,14,0,72.9
5,22,3,12,0,33.9
5,20,7,10,0,197.2
5,21,6,13,0,112.6
5,21,6,14,0,91.4
5,20,8,14,0,227.1
5,22,6,13,0,145.8
5,22,5,12,0,146.4
5,22,5,8,0,167.5
5,21,8,13,0,234.7
6,11,8,0,12,0.0
6,11,2,0,11,0.0
6,11,2,0,10,0.0
6,12,6,0,9,0.0
6,12,2,0,9,0.0
6,12,3,0,8,0.0
6,12,2,0,7,0.0
6,12,3,0,6,0.0
6,12,4,0,5,0.0
6,12,2,0,4,0.0
6,12,2,0,3,0.0
6,12,4,0,3,0.0
6,12,2,0,2,0.0
6,12,3,0,2,0.0
6,12,2,0,1,0.0
6,13,4,0,2,0.0
6,13,4,0,3,0.0
6,13,4,0,4,0.0
6,13,1,0,4,0.0
6,13,4,1,5,0.0
6,13,4,1,5,0.0
6,13,7,0,5,12.0
6,13,2,0,4,0.0
6,13,4,0,3,0.0
6,13,2,0,3,0.0
6,13,1,0,2,0.0
6,14,1,0,2,0.0
6,14,2,0,1,0.0
6,14,3,0,2,0.0
6,14,4,1,4,0.0
6,14,6,0,3,16.3
6,14,2,0,3,0.0
6,14,2,0,2,0.0
6,14,3,0,5,0.0
6,14,2,0,5,0.0
6,15,2,0,5,0.0
6,15,4,0,6,0.0
6,15,4,0,6,0.0
6,15,2,0,9,0.0
6,16,2,0,8,0.0
6,17,2,0,11,0.0
6,17,4,0,11,0.0
6,17,2,0,10,0.0
6,17,4,0,9,0.0
6,17,2,0,8,0.0
6,17,2,0,7,0.0
6,18,6,0,7,0.0
6,18,2,0,7,0.0
6,18,4,0,6,0.0
6,18,3,0,5,0.0
6,18,3,0,4,0.0
6,18,3,0,3,0.0
6,18,4,0,5,0.0
6,18,4,0,4,0.0
6,18,2,0,3,0.0
6,18,3,0,3,0.0
6,18,1,0,2,0.0
6,18,4,0,1,3.4
6,18,4,1,1,6.8
6,18,3,2,1,21.1
6,19,2,4,2,0.0
6,19,3,2,2,14.7
6,19,4,4,2,15.0
6,19,3,3,1,3.8
6,19,2,3,2,0.0
6,19,2,3,2,0.0
6,19,3,4,2,0.0
6,19,6,2,1,58.2
6,19,6,2,1,38.2
6,20,1,3,4,0.0
6,20,2,3,3,0.0
6,19,7,3,2,72.9
6,20,2,2,5,0.0
6,20,6,2,2,42.5
6,20,3,1,5,0.0
6,21,2,2,6,0.0
6,21,2,2,5,0.0
6,21,2,2,4,0.0
6,21,4,2,3,0.0
6,20,6,1,5,12.5
6,21,3,1,2,0.0
6,21,2,1,1,0.0
6,21,6,1,1,3.4
6,19,8,3,2,107.8
6,21,3,0,3,0.0
6,21,4,0,3,0.0
6,21,2,0,2,0.0
6,21,2,0,2,0.0
6,21,2,0,1,0.0
6,22,2,0,6,0.0
6,22,1,0,8,0.0
0,11,2,0,12,0.0
0,11,6,0,11,0.0
0,11,2,0,10,0.0
0,12,4,0,10,0.0
0,12,1,0,11,0.0
0,12,2,0,10,0.0
0,12,4,0,9,0.0
0,12,1,0,8,0.0
0,12,3,0,7,0.0
0,12,2,0,6,0.0
0,12,1,0,6,0.0
0,12,2,0,5,0.0
0,13,2,0,4,0.0
0,13,4,0,4,0.0
0,13,2,0,3,0.0
0,13,4,0,2,0.0
0,13,2,0,1,0.0
0,13,3,2,5,0.0
0,13,6,0,0,32.4
0,13,6,1,3,35.4
0,14,4,1,9,0.0
0,14,3,1,8,0.0
0,14,2,1,7,0.0
0,14,3,1,6,0.0
0,15,4,1,6,0.0
0,13,7,2,5,103.8
0,15,6,0,10,0.0
0,17,2,0,12,0.0
0,17,2,0,11,0.0
0,17,6,0,10,0.0
0,18,4,0,10,0.0
0,18,2,0,9,0.0
0,18,4,0,9,0.0
0,18,2,0,8,0.0
0,18,4,0,7,0.0
0,18,3,0,6,0.0
0,19,6,0,5,0.0
0,19,6,0,4,0.0
0,19,2,0,8,0.0
0,20,2,0,9,0.0
0,20,2,0,8,0.0
0,20,3,0,9,0.0
0,20,2,0,9,0.0
0,20,2,0,8,0.0
0,20,3,0,7,0.0
0,20,2,0,6,0.0
0,21,5,0,7,0.0
0,21,2,0,6,0.0
0,21,3,0,7,0.0
0,21,2,0,6,0.0
0,21,6,0,6,0.0
0,21,3,0,6,0.0
0,21,2,0,5,0.0
0,21,5,0,4,0.0
0,21,4,0,4,0.0
0,22,5,0,4,0.0
1,11,2,0,12,0.0
1,11,3,0,11,0.0
1,11,1,0,10,0.0
1,11,3,0,9,0.0
1,11,4,0,8,0.0
1,12,2,0,8,0.0
1,12,1,0,7,0.0
1,12,5,0,7,0.0
1,12,3,0,8,0.0
1,12,2,0,7,0.0
1,12,6,0,8,0.0
1,12,1,0,8,0.0
1,13,7,0,7,0.0
1,13,4,0,6,0.0
1,13,2,0,5,0.0
1,13,2,0,4,0.0
1,13,4,2,3,0.0
1,13,5,0,3,13.8
1,13,3,2,3,0.0
1,13,1,2,5,0.0
1,13,6,1,3,46.7
1,13,5,2,5,19.1
1,14,4,2,6,0.0
1,14,2,2,5,0.0
1,13,8,2,2,74.1
1,15,2,1,8,0.0
1,14,6,1,5,59.2
1,16,4,0,11,0.0
1,16,2,0,11,0.0
1,17,4,0,10,0.0
1,17,2,0,9,0.0
1,17,4,0,10,0.0
1,18,2,0,9,0.0
1,18,2,0,8,0.0
1,18,2,0,8,0.0
1,18,2,0,7,0.0
1,18,3,0,6,0.0
1,18,1,0,5,0.0
1,18,2,0,4,0.0
1,18,2,0,3,0.0
1,18,2,0,3,0.0
1,18,2,0,2,0.0
1,18,6,0,4,0.0
1,19,2,0,7,0.0
1,19,2,0,6,0.0
1,19,3,0,7,0.0
1,19,3,0,6,0.0
1,19,3,0,5,0.0
1,19,2,0,4,0.0
1,19,4,0,3,0.0
1,19,2,0,2,0.0
1,19,2,0,1,0.0
1,19,2,0,3,0.0
1,19,4,0,4,0.0
1,19,2,0,3,0.0
1,20,7,0,4,0.0
1,20,2,0,3,0.0
1,20,2,0,5,0.0
1,20,2,1,9,0.0
1,21,3,1,9,0.0
1,21,2,1,9,0.0
1,20,7,0,4,37.2
1,21,2,0,8,0.0
1,21,3,0,7,0.0
1,21,3,0,6,0.0
1,21,3,0,5,0.0
1,22,4,0,8,0.0
1,22,2,0,8,0.0
1,22,4,0,10,0.0
2,11,2,0,12,0.0
2,11,6,0,11,0.0
2,11,3,0,10,0.0
2,11,4,0,9,0.0
2,11,1,0,8,0.0
2,11,2,0,7,0.0
2,12,4,0,7,0.0
2,12,4,0,7,0.0
2,12,2,0,6,0.0
2,12,5,0,5,0.0
2,12,2,0,4,0.0
2,12,2,0,5,0.0
2,12,3,0,4,0.0
2,12,4,0,4,0.0
2,12,4,0,3,0.0
2,12,5,0,2,0.0
2,12,4,0,2,0.0
2,12,2,0,2,0.0
2,13,2,0,2,0.0
2,13,2,0,1,0.0
2,13,4,0,0,1.0
2,13,3,0,0,6.6
2,13,2,1,0,8.7
2,13,4,2,0,14.2
2,13,4,2,0,12.1
2,14,3,0,4,0.0
2,14,2,0,5,0.0
2,14,1,0,9,0.0
2,14,1,0,8,0.0
2,14,4,0,7,0.0
2,15,3,0,9,0.0
2,15,3,0,11,0.0
2,16,2,0,11,0.0
2,16,4,0,10,0.0
2,16,2,0,9,0.0
2,16,2,0,9,0.0
2,16,4,0,8,0.0
2,17,2,0,8,0.0
2,17,4,0,8,0.0
2,17,2,0,9,0.0
2,17,1,0,11,0.0
2,18,8,0,10,0.0
2,18,5,0,9,0.0
2,18,2,0,8,0.0
2,19,2,0,9,0.0
2,19,3,0,9,0.0
2,19,4,0,9,0.0
2,19,4,0,8,0.0
2,19,2,0,7,0.0
2,19,4,0,7,0.0
2,19,2,0,6,0.0
2,19,2,0,5,0.0
2,19,2,0,4,0.0
2,19,3,0,4,0.0
2,20,2,0,3,0.0
2,20,5,0,2,0.0
2,20,4,0,3,0.0
2,20,7,0,2,0.0
2,20,6,0,2,0.0
2,21,2,0,9,0.0
2,21,2,0,9,0.0
2,21,5,0,8,0.0
2,21,4,0,7,0.0
2,22,2,0,9,0.0
2,22,3,0,8,0.0
2,22,5,0,8,0.0
2,22,3,0,7,0.0
2,22,6,0,7,0.0
2,22,6,0,7,0.0
3,11,1,0,12,0.0
3,11,3,0,11,0.0
3,11,4,0,10,0.0
3,11,3,0,9,0.0
3,12,2,0,9,0.0
3,12,4,0,8,0.0
3,12,2,0,7,0.0
3,12,2,0,6,0.0
3,12,2,0,5,0.0
3,12,3,0,4,0.0
3,12,4,0,5,0.0
3,12,4,0,5,0.0
3,12,4,0,5,0.0
3,13,3,0,4,0.0
3,13,2,0,4,0.0
3,13,6,0,3,0.0
3,13,3,0,3,0.0
3,13,3,0,2,0.0
3,13,3,0,2,4.5
3,14,2,2,7,0.0
3,14,5,1,7,10.6
3,14,4,1,7,0.0
3,13,8,0,5,41.5
3,14,4,0,8,0.0
3,14,2,0,7,0.0
3,14,1,0,6,0.0
3,14,4,0,5,0.0
3,15,3,0,6,0.0
3,15,4,0,6,0.0
3,15,3,0,5,0.0
3,15,2,0,5,0.0
3,15,3,0,5,0.0
3,16,3,0,9,0.0
3,16,4,0,8,0.0
3,17,2,0,10,0.0
3,17,4,0,9,0.0
3,17,1,0,10,0.0
3,17,3,0,9,0.0
3,17,4,0,8,0.0
3,18,4,0,7,0.0
3,18,4,0,6,0.0
3,18,2,0,6,0.0
3,18,3,0,6,0.0
3,18,4,0,8,0.0
3,18,2,0,7,0.0
3,18,2,0,6,0.0
3,19,1,0,5,0.0
3,19,2,0,6,0.0
3,19,4,0,6,0.0
3,19,2,0,5,0.0
3,19,2,0,4,0.0
3,19,3,0,4,0.0
3,19,2,0,3,0.0
3,19,3,0,2,0.0
3,19,2,0,1,0.0
3,19,1,0,0,2.7
3,19,2,0,1,0.0
3,19,2,0,0,10.0
3,20,3,2,4,0.0
3,20,3,2,4,0.0
3,19,6,1,0,24.6
3,20,2,1,5,0.0
3,20,2,1,4,0.0
3,20,4,2,3,0.0
3,20,6,1,1,23.4
3,20,6,1,3,6.1
3,20,3,1,2,0.0
3,20,6,0,2,2.9
3,20,2,2,2,0.0
3,20,2,2,1,0.0
3,20,3,1,2,8.1
3,20,3,1,0,13.6
3,21,4,2,0,7.2
3,21,2,2,0,9.7
3,21,2,4,0,8.1
3,20,5,1,1,43.8
3,21,3,3,0,13.2
3,21,1,2,3,0.0
3,21,6,3,0,54.1
3,21,5,1,1,29.5
3,22,4,0,6,0.0
3,22,3,0,5,0.0
3,22,3,0,4,0.0
3,22,2,1,6,0.0
3,22,8,0,3,47.5
4,11,2,0,12,0.0
4,11,2,0,11,0.0
4,11,1,0,11,0.0
4,11,2,0,10,0.0
4,11,3,0,9,0.0
4,11,2,0,8,0.0
4,11,2,0,7,0.0
4,12,3,0,7,0.0
4,12,4,0,7,0.0
4,12,8,0,6,0.0
4,12,2,0,6,0.0
4,12,3,0,5,0.0
4,12,3,0,6,0.0
4,12,2,0,5,0.0
4,12,2,0,4,0.0
4,12,4,0,3,0.0
4,12,4,1,2,0.0
4,13,2,1,4,0.0
4,12,8,0,2,21.9
4,13,2,0,3,0.0
4,13,2,3,5,0.0
4,13,4,4,5,0.0
4,13,6,0,4,21.4
4,13,4,3,4,0.0
4,13,5,2,4,28.0
4,13,1,2,4,0.0
4,13,5,3,5,25.1
4,14,3,1,5,0.0
4,14,2,1,6,0.0
4,13,8,1,4,72.1
4,15,3,0,11,0.0
4,15,3,0,10,0.0
4,15,2,0,9,0.0
4,15,3,0,8,0.0
4,15,6,0,7,0.0
4,15,2,0,6,0.0
4,16,5,0,9,0.0
4,16,1,0,8,0.0
4,17,4,0,10,0.0
4,17,5,0,11,0.0
4,18,6,0,10,0.0
4,18,2,0,9,0.0
4,18,2,0,8,0.0
4,18,6,0,7,0.0
4,18,2,1,7,0.0
4,18,4,1,6,0.0
4,18,4,1,7,0.0
4,18,4,1,6,0.0
4,18,2,1,5,0.0
4,19,4,1,5,0.0
4,18,7,0,6,51.6
4,19,6,0,5,0.0
4,19,1,1,5,0.0
4,19,6,1,4,0.0
4,19,2,1,5,0.0
4,19,4,2,4,0.0
4,19,4,4,3,0.0
4,19,2,5,3,0.0
4,19,2,5,2,0.0
4,20,1,5,1,0.0
4,19,8,0,4,58.0
4,20,4,5,0,15.8
4,20,2,5,1,0.0
4,20,2,5,1,0.0
4,20,2,7,0,6.4
4,20,4,6,0,7.3
4,20,2,6,0,0.0
4,19,6,1,4,54.5
4,19,5,3,3,53.2
4,20,2,7,0,5.9
4,20,4,8,0,11.4
4,20,4,8,0,17.5
4,20,2,11,0,20.4
4,20,2,12,0,26.7
4,21,2,13,0,28.3
4,20,3,8,0,44.2
4,19,8,2,3,102.3
4,21,1,13,0,30.3
4,20,4,12,0,42.8
4,19,5,4,3,108.9
4,20,5,5,1,94.0
4,21,2,14,0,38.9
4,21,4,14,0,34.4
4,21,3,13,0,25.9
4,21,2,14,0,27.8
4,21,2,14,0,23.4
4,21,3,13,0,47.3
4,21,3,14,0,41.9
4,22,3,9,0,25.1
4,22,4,8,1,19.3
4,20,5,5,0,160.1
4,20,6,6,0,148.3
4,20,6,8,0,144.4
4,22,3,8,3,30.4
4,20,6,9,0,197.1
4,20,5,10,0,213.4
4,21,5,14,0,219.2
4,21,5,14,0,243.3
5,11,3,0,12,0.0
5,11,4,0,11,0.0
5,11,5,0,10,0.0
5,11,4,0,9,0.0
5,11,1,0,8,0.0
5,11,4,0,7,0.0
5,11,5,0,6,0.0
5,11,2,0,5,0.0
5,12,4,0,6,0.0
5,12,2,0,6,0.0
5,12,2,0,5,0.0
5,12,7,0,4,0.0
5,12,4,0,4,0.0
5,12,2,0,4,0.0
5,12,1,0,4,0.0
5,12,4,0,3,0.0
5,12,6,0,2,0.0
5,12,4,0,2,0.0
5,12,2,0,1,0.0
5,12,2,0,1,0.0
5,13,2,1,0,2.0
5,13,2,3,1,0.0
5,13,2,4,1,0.0
5,13,3,0,0,19.4
5,13,3,2,0,18.7
5,13,4,3,0,11.6
5,13,5,2,0,19.4
5,13,4,2,0,7.1
5,13,2,2,0,8.6
5,13,2,3,0,4.2
5,13,4,4,0,14.8
5,13,8,3,0,32.8
5,13,5,3,0,30.6
5,13,4,4,0,32.5
5,14,1,5,0,0.8
5,13,4,3,0,28.7
5,13,4,4,0,37.1
5,13,4,5,0,37.5
5,14,3,5,0,30.7
5,14,3,4,1,18.5
5,14,4,5,1,21.8
5,15,2,5,4,0.0
5,15,2,5,3,0.0
5,14,3,6,1,52.0
5,14,3,4,3,39.4
5,15,4,3,3,0.0
5,15,4,3,3,0.0
5,14,8,4,0,89.0
5,15,2,2,2,0.0
5,15,4,2,3,0.0
5,15,4,2,2,0.0
5,15,2,2,1,0.0
5,14,6,5,2,86.3
5,14,5,4,4,77.6
5,16,4,1,5,0.0
5,15,5,2,1,52.5
5,17,2,2,8,0.0
5,17,2,3,7,0.0
5,17,5,0,8,13.8
5,17,3,2,6,0.0
5,17,5,1,8,23.1
5,17,3,1,6,0.0
5,17,4,1,5,0.0
5,17,3,1,5,0.0
5,17,5,2,7,48.0
5,18,4,0,5,0.0
5,18,2,0,4,0.0
5,18,2,0,3,0.0
5,18,3,0,2,3.9
5,18,2,0,3,0.0
5,18,4,0,2,0.0
5,18,1,1,2,0.0
5,18,2,1,1,0.0
5,18,2,1,0,5.9
5,18,2,1,0,0.8
5,18,4,1,1,0.0
5,18,4,1,0,4.1
5,18,2,2,0,4.9
5,18,2,4,0,3.3
5,19,2,3,0,0.2
5,19,2,5,1,0.0
5,19,2,6,1,0.0
5,18,4,2,0,38.7
5,19,2,5,0,0.9
5,19,4,5,0,1.1
5,18,7,0,2,70.7
5,19,2,6,0,4.2
5,19,1,5,0,2.0
5,18,5,3,0,53.4
5,19,6,4,1,34.9
5,19,2,2,1,0.0
5,19,1,2,1,0.0
5,20,2,4,1,0.0
5,20,4,2,1,5.7
5,20,2,5,1,0.0
5,20,4,3,1,11.3
5,20,3,4,0,9.4
5,20,2,7,0,2.9
5,20,2,8,0,5.0
5,20,4,5,0,23.3
5,20,4,4,0,25.1
5,19,6,5,1,78.1
5,20,4,5,0,40.6
5,20,2,9,0,40.4
5,20,2,9,0,38.1
5,20,2,9,0,36.9
5,20,1,12,0,38.2
5,20,4,6,0,59.6
5,19,8,3,1,134.2
5,20,3,10,0,60.1
5,20,2,14,0,54.0
5,20,4,13,0,58.5
5,20,5,5,0,81.2
5,20,4,13,0,58.1
5,20,2,14,0,59.1
5,20,6,11,0,84.8
5,21,2,12,0,48.6
5,21,2,12,0,29.3
5,21,3,12,0,54.3
5,21,2,10,0,13.0
5,21,4,14,0,71.1
5,20,6,12,0,117.8
5,21,4,9,0,48.7
5,21,1,9,0,39.1
5,22,3,10,0,38.1
5,22,4,8,0,30.1
5,21,5,14,0,110.4
5,22,2,9,0,31.9
5,22,2,9,0,27.4
5,21,5,13,0,104.1
5,22,4,10,0,33.3
5,22,2,8,0,16.3
5,22,3,7,0,17.8
5,22,4,8,0,31.3
5,21,5,12,0,116.1
5,22,6,7,0,62.8
5,22,7,6,0,133.0
6,11,2,0,12,0.0
6,11,3,0,11,0.0
6,11,3,0,10,0.0
6,11,5,0,9,0.0
6,11,5,0,8,0.0
6,12,1,0,9,0.0
6,12,4,0,8,0.0
6,12,4,0,7,0.0
6,12,2,0,6,0.0
6,12,5,0,5,0.0
6,12,2,0,4,0.0
6,12,1,0,3,0.0
6,12,2,0,3,0.0
6,12,4,0,2,0.0
6,12,4,0,1,0.0
6,12,2,0,0,1.1
6,12,4,0,0,3.1
6,12,4,1,0,5.1
6,13,2,1,2,0.0
6,13,1,1,3,0.0
6,13,6,0,1,18.9
6,13,4,1,2,2.2
6,13,5,0,2,8.1
6,13,4,1,4,0.0
6,13,3,1,3,0.0
6,13,4,1,2,1.6
6,13,6,1,3,21.4
6,13,2,0,3,0.0
6,14,2,0,3,0.0
6,14,3,0,2,0.0
6,14,3,0,1,5.9
6,14,2,0,1,0.0
6,14,2,0,1,0.0
6,14,4,0,2,0.0
6,14,2,0,1,0.0
6,14,1,0,0,7.2
6,14,4,0,1,0.0
6,15,3,0,3,0.0
6,15,4,0,3,0.0
6,15,2,0,4,0.0
6,15,2,0,5,0.0
6,15,3,0,6,0.0
6,15,2,0,7,0.0
6,15,2,0,6,0.0
6,15,2,0,6,0.0
6,16,3,0,8,0.0
6,17,8,0,11,0.0
6,17,4,0,10,0.0
6,17,6,0,9,0.0
6,17,4,0,9,0.0
6,17,4,0,8,0.0
6,18,6,0,7,0.0
6,18,3,0,6,0.0
6,18,2,1,7,0.0
6,18,3,1,6,0.0
6,18,3,2,5,0.0
6,18,6,0,6,20.4
6,18,6,1,5,11.7
6,18,2,0,4,0.0
6,19,1,0,7,0.0
6,19,4,0,6,0.0
6,19,5,0,5,0.0
6,19,2,0,4,0.0
6,19,4,0,3,0.0
6,19,4,0,3,0.0
6,19,2,1,3,0.0
6,19,2,1,2,0.0
6,19,1,1,1,0.0
6,19,3,1,0,3.3
6,19,2,2,0,2.5
6,19,2,2,0,1.4
6,19,6,0,3,20.7
6,19,3,0,0,4.6
6,19,4,1,0,10.0
6,19,4,2,0,17.0
6,20,4,1,0,12.0
6,20,2,2,0,7.4
6,20,2,0,0,3.6
6,20,2,0,0,1.4
6,20,4,1,0,7.9
6,20,2,1,0,7.9
6,20,2,2,0,5.6
6,20,2,5,1,0.0
6,20,3,2,0,26.5
6,21,1,5,1,0.0
6,20,4,2,0,34.7
6,20,4,4,0,39.3
6,20,4,4,1,31.3
6,21,3,4,1,18.7
6,21,2,2,1,0.0
6,21,3,5,0,19.2
6,21,3,2,2,0.0
6,21,6,1,0,8.1
6,21,2,2,1,0.0
6,21,2,2,0,0.3
6,20,7,3,0,89.5
6,21,3,1,1,29.9
6,21,4,2,0,30.4
6,22,6,1,2,5.6
0,11,2,0,12,0.0
0,11,2,0,11,0.0
0,11,5,0,10,0.0
0,12,6,0,9,0.0
0,12,2,0,8,0.0
0,12,3,0,9,0.0
0,12,4,0,8,0.0
0,12,2,0,7,0.0
0,12,2,0,6,0.0
0,12,2,0,6,0.0
0,12,2,0,5,0.0
0,12,2,0,5,0.0
0,12,4,0,4,0.0
0,12,3,0,3,0.0
0,13,2,0,2,0.0
0,13,1,0,1,0.0
0,13,3,0,0,4.4
0,13,2,3,0,4.5
0,13,2,5,1,0.0
0,13,4,1,0,20.6
0,13,3,2,0,21.1
0,13,3,3,0,15.2
0,13,6,4,0,30.9
0,13,4,4,0,32.3
0,13,3,5,0,26.2
0,14,4,1,5,0.0
0,14,4,2,7,0.0
0,14,4,2,7,0.0
0,13,5,0,2,50.2
0,14,3,1,6,0.0
0,14,5,1,7,13.0
0,15,2,0,6,0.0
0,15,2,0,5,0.0
0,15,3,0,9,0.0
0,16,2,0,8,0.0
0,16,4,0,9,0.0
0,16,4,0,8,0.0
0,16,2,0,9,0.0
0,16,2,0,8,0.0
0,17,6,0,10,0.0
0,17,4,0,10,0.0
0,17,2,0,10,0.0
0,18,2,0,9,0.0
0,18,4,0,8,0.0
0,18,4,0,7,0.0
0,18,4,0,6,0.0
0,18,2,0,6,0.0
0,18,3,0,5,0.0
0,18,5,0,4,0.0
0,18,5,0,3,0.0
0,18,2,0,2,0.0
0,19,3,0,2,0.0
0,19,1,0,1,0.0
0,19,4,0,1,0.0
0,19,2,0,1,0.0
0,19,4,0,0,2.3
0,19,2,1,0,3.7
0,19,4,2,0,11.5
0,19,2,4,2,0.0
0,19,3,2,0,16.2
0,19,3,2,0,8.6
0,19,5,1,0,40.8
0,19,3,3,2,20.4
0,19,4,3,2,20.6
0,20,2,2,2,0.0
0,20,4,1,2,19.3
0,20,2,5,2,0.0
0,20,3,1,2,23.1
0,20,3,2,1,14.3
0,20,2,4,1,0.0
0,20,3,2,1,13.3
0,20,2,3,0,4.1
0,20,4,3,2,24.8
0,20,7,4,2,27.2
0,20,2,4,0,26.4
0,21,3,2,0,13.0
0,21,4,2,0,14.2
0,21,3,2,7,0.0
0,21,4,2,6,0.0
0,20,6,5,1,78.4
0,22,1,1,6,0.0
0,22,3,1,6,0.0
0,22,2,1,5,0.0
0,22,2,1,4,0.0
0,22,2,1,3,0.0
0,21,5,1,6,48.9
1,11,8,0,12,0.0
1,11,2,0,11,0.0
1,12,1,0,10,0.0
1,12,3,0,9,0.0
1,12,3,0,8,0.0
1,12,4,0,7,0.0
1,12,3,1,6,0.0
1,12,1,1,6,0.0
1,12,4,1,5,0.0
1,12,4,1,4,0.0
1,12,3,1,3,0.0
1,12,7,0,6,25.5
1,12,2,1,3,0.0
1,13,2,3,2,0.0
1,13,2,4,1,0.0
1,12,3,1,3,20.1
1,13,4,1,2,13.7
1,13,2,4,0,18.3
1,13,3,3,1,23.7
1,13,2,4,0,22.1
1,13,5,2,2,43.1
1,13,4,5,0,34.7
1,13,6,4,0,41.5
1,13,3,6,0,46.2
1,14,2,3,3,0.0
1,13,5,2,2,25.3
1,13,4,3,2,22.1
1,14,2,1,2,0.0
1,14,3,2,2,28.3
1,14,3,0,3,0.0
1,15,2,0,6,0.0
1,15,3,0,8,0.0
1,16,1,0,11,0.0
1,16,5,0,10,0.0
1,17,3,0,11,0.0
1,17,2,0,10,0.0
1,17,2,0,10,0.0
1,17,3,0,11,0.0
1,18,2,0,10,0.0
1,18,4,0,9,0.0
1,18,2,0,8,0.0
1,18,2,0,8,0.0
1,18,3,0,7,0.0
1,19,2,0,6,0.0
1,19,2,0,5,0.0
1,19,2,0,4,0.0
1,19,2,0,3,0.0
1,19,5,0,3,0.0
1,19,4,0,3,0.0
1,19,3,0,5,0.0
1,19,1,0,4,0.0
1,19,4,0,4,0.0
1,20,2,0,6,0.0
1,20,2,0,5,0.0
1,20,5,0,4,0.0
1,20,1,0,4,0.0
1,20,4,0,4,0.0
1,20,2,0,3,0.0
1,20,4,0,2,0.0
1,20,2,0,4,0.0
1,20,2,0,3,0.0
1,20,2,0,2,0.0
1,20,1,0,3,0.0
1,20,5,0,2,0.0
1,21,7,0,3,0.0
1,21,2,0,3,0.0
1,21,2,1,7,0.0
1,21,4,1,8,0.0
1,21,3,1,8,0.0
1,21,4,1,7,0.0
1,21,2,1,6,0.0
1,22,3,1,7,0.0
1,22,2,1,7,0.0
1,22,1,1,6,0.0
1,21,7,0,3,89.8
2,11,8,0,12,0.0
2,11,4,0,11,0.0
2,11,2,0,10,0.0
2,11,1,0,9,0.0
2,12,2,0,8,0.0
2,12,2,0,7,0.0
2,12,5,0,8,0.0
2,12,2,0,7,0.0
2,12,2,0,6,0.0
2,12,2,0,5,0.0
2,12,4,0,4,0.0
2,12,1,0,3,0.0
2,12,3,0,3,0.0
2,12,2,0,2,0.0
2,12,2,0,1,0.0
2,12,4,0,0,0.2
2,13,4,0,8,0.0
2,13,4,0,7,0.0
2,13,4,0,7,0.0
2,13,2,0,6,0.0
2,14,4,0,8,0.0
2,14,3,0,9,0.0
2,14,4,0,8,0.0
2,14,2,0,8,0.0
2,15,3,0,8,0.0
2,15,4,0,7,0.0
2,15,2,0,6,0.0
2,15,4,0,6,0.0
2,15,5,0,6,0.0
2,16,2,0,8,0.0
2,16,2,0,8,0.0
2,16,2,0,8,0.0
2,16,4,0,7,0.0
2,16,2,0,7,0.0
2,16,5,0,6,0.0
2,17,4,0,6,0.0
2,17,3,0,7,0.0
2,17,3,0,7,0.0
2,17,3,0,6,0.0
2,17,2,0,8,0.0
2,17,2,0,8,0.0
2,18,5,0,7,0.0
2,18,5,0,6,0.0
2,18,3,0,5,0.0
2,18,3,0,4,0.0
2,18,4,0,4,0.0
2,18,4,0,3,0.0
2,18,2,0,2,0.0
2,18,2,0,2,0.0
2,18,2,0,3,0.0
2,18,5,0,3,0.0
2,18,4,0,2,0.0
2,18,3,0,1,0.0
2,19,2,0,2,0.0
2,19,1,1,3,0.0
2,19,2,1,2,0.0
2,19,5,0,3,8.7
2,19,4,1,2,0.0
2,19,2,1,2,0.0
2,19,2,1,1,0.0
2,19,2,1,1,0.0
2,19,3,1,0,1.2
2,20,2,5,1,0.0
2,19,4,2,0,13.4
2,19,3,2,0,13.0
2,19,5,3,0,9.6
2,20,3,4,0,20.4
2,20,3,1,6,0.0
2,20,2,1,5,0.0
2,19,7,0,2,77.2
2,21,2,0,6,0.0
2,21,3,0,7,0.0
2,21,4,0,6,0.0
2,21,2,0,5,0.0
2,21,6,0,7,0.0
2,21,2,1,6,0.0
2,21,7,0,6,13.8
3,11,3,0,12,0.0
3,11,2,0,11,0.0
3,11,4,0,10,0.0
3,11,2,0,9,0.0
3,12,6,0,8,0.0
3,12,4,0,7,0.0
3,12,2,0,6,0.0
3,12,4,0,5,0.0
3,12,2,0,4,0.0
3,12,4,0,6,0.0
3,12,3,0,6,0.0
3,12,1,0,5,0.0
3,13,2,0,4,0.0
3,13,5,0,4,0.0
3,13,1,0,3,0.0
3,13,6,0,2,0.0
3,13,4,1,5,0.0
3,13,3,1,4,0.0
3,13,2,1,3,0.0
3,13,2,1,2,0.0
3,13,2,1,1,0.0
3,13,4,1,3,0.0
3,13,5,0,5,16.2
3,13,1,2,2,0.0
3,13,4,1,2,5.8
3,13,2,1,1,0.0
3,13,4,2,2,32.0
3,14,1,1,0,10.1
3,14,1,0,0,1.4
3,14,2,0,1,0.0
3,14,4,0,6,0.0
3,15,5,0,7,0.0
3,15,2,0,8,0.0
3,15,2,1,9,0.0
3,15,7,0,8,37.4
3,16,2,0,11,0.0
3,16,3,0,10,0.0
3,17,2,0,9,0.0
3,17,2,0,10,0.0
3,17,2,0,9,0.0
3,17,2,0,8,0.0
3,17,2,0,7,0.0
3,18,4,0,9,0.0
3,18,5,0,8,0.0
3,18,4,0,10,0.0
3,18,3,0,9,0.0
3,18,2,0,8,0.0
3,18,4,0,7,0.0
3,18,2,0,6,0.0
3,19,4,0,6,0.0
3,19,2,0,5,0.0
3,19,7,0,4,0.0
3,19,2,0,4,0.0
3,19,2,0,3,0.0
3,19,3,0,2,0.0
3,19,5,0,2,0.0
3,19,4,0,2,0.0
3,19,2,0,2,0.0
3,20,2,0,6,0.0
3,20,6,0,9,0.0
3,20,3,0,8,0.0
3,20,2,0,7,0.0
3,20,5,0,6,1.3
3,20,4,0,8,0.0
3,21,3,0,7,0.0
3,21,6,0,6,0.0
3,21,4,1,5,0.0
3,21,2,1,4,0.0
3,21,6,0,5,6.8
3,21,4,0,4,0.0
3,21,3,0,3,0.0
3,21,2,0,2,0.0
3,21,2,0,1,0.0
3,22,3,0,3,0.0
3,22,4,0,4,0.0
3,22,5,0,7,0.0
3,22,2,0,6,0.0
3,22,1,0,5,0.0
4,11,6,0,12,0.0
4,11,4,0,11,0.0
4,11,5,0,10,0.0
4,11,4,0,9,0.0
4,11,2,0,8,0.0
4,11,3,0,7,0.0
4,12,2,0,6,0.0
4,12,4,0,5,0.0
4,12,3,0,4,0.0
4,12,3,0,4,0.0
4,12,5,0,3,8.8
4,12,1,5,3,0.0
4,12,4,1,3,20.0
4,12,3,2,3,18.8
4,12,4,3,3,29.6
4,12,3,4,3,30.4
4,12,3,4,3,26.7
4,12,2,10,3,0.0
4,12,2,10,2,0.0
4,12,2,11,1,0.0
4,12,4,5,2,37.8
4,12,3,7,2,45.0
4,12,4,8,3,58.2
4,12,5,6,2,69.1
4,12,5,5,2,69.9
4,13,2,12,3,0.0
4,13,2,14,2,0.0
4,12,4,9,3,73.2
4,12,4,10,3,72.6
4,12,6,6,2,82.3
4,14,1,12,1,0.0
4,14,2,12,1,0.0
4,12,3,10,3,107.8
4,12,3,10,1,102.4
4,12,4,11,0,98.7
4,12,6,9,3,106.3
4,12,3,12,0,104.7
4,13,4,13,0,98.5
4,13,4,14,0,109.8
4,15,2,6,4,0.0
4,13,3,12,2,94.5
4,15,2,6,3,0.0
4,13,8,14,1,138.7
4,13,4,13,2,98.3
4,13,4,13,1,93.8
4,15,1,5,2,0.0
4,14,4,12,2,78.7
4,15,4,6,3,22.2
4,15,4,6,2,20.4
4,15,2,2,2,0.0
4,15,3,4,2,30.6
4,16,1,1,1,0.0
4,16,2,1,1,0.0
4,16,4,1,3,0.0
4,17,4,1,7,0.0
4,17,4,1,8,0.0
4,13,8,14,1,258.1
4,17,3,0,9,0.0
4,17,4,0,8,0.0
4,17,4,0,7,0.0
4,18,4,0,7,0.0
4,18,3,0,6,0.0
4,18,4,0,5,0.0
4,18,1,2,4,0.0
4,18,5,0,4,20.5
4,18,4,1,4,0.0
4,18,3,1,4,0.0
4,18,7,1,4,34.1
4,18,4,0,4,0.0
4,19,4,0,5,0.0
4,19,1,0,4,0.0
4,19,3,0,3,10.3
4,19,2,1,3,0.0
4,19,2,1,2,0.0
4,19,3,1,3,17.5
4,19,4,0,1,10.1
4,19,2,2,1,0.0
4,19,3,1,1,4.0
4,19,3,2,1,14.3
4,19,4,1,0,5.3
4,20,1,5,2,0.0
4,19,4,1,0,27.1
4,20,2,5,2,0.0
4,19,5,2,0,36.0
4,20,1,4,1,0.0
4,20,4,2,2,25.2
4,20,4,3,2,24.7
4,20,4,4,2,22.8
4,20,4,4,1,10.4
4,20,2,3,0,6.1
4,20,4,2,0,23.6
4,20,2,4,0,21.6
4,20,3,1,0,26.9
4,20,6,2,0,46.7
4,20,2,5,0,41.6
4,20,2,6,0,42.3
4,20,2,7,0,48.0
4,20,4,7,0,55.2
4,20,2,8,0,54.8
4,20,2,10,0,53.9
4,20,4,9,0,58.9
4,20,4,11,0,63.1
4,20,3,12,0,71.5
4,20,3,13,0,76.2
4,20,2,14,0,74.1
4,21,2,14,0,57.7
4,21,4,12,0,76.6
4,21,4,13,0,75.0
4,21,4,12,0,68.0
4,21,3,12,0,64.5
4,22,3,5,0,36.2
4,22,4,6,0,35.0
4,22,3,2,3,5.7
4,22,4,0,3,14.4
5,11,3,0,12,0.0
5,11,2,0,12,0.0
5,12,3,0,11,0.0
5,12,4,0,10,0.0
5,12,2,0,9,0.0
5,12,3,0,8,0.0
5,12,2,0,7,0.0
5,12,4,0,6,0.0
5,12,5,0,5,0.0
5,12,3,0,4,0.0
5,12,3,0,3,0.0
5,12,7,0,2,0.0
5,12,2,2,1,0.0
5,12,2,4,1,0.0
5,12,4,0,1,35.4
5,12,3,1,1,41.2
5,13,2,5,1,0.0
5,12,4,3,1,18.7
5,13,2,5,0,3.3
5,13,3,4,0,17.4
5,13,4,5,1,18.2
5,13,1,6,1,0.0
5,13,3,4,0,20.6
5,13,3,4,1,24.8
5,13,3,4,1,29.7
5,12,8,2,0,78.4
5,13,1,7,0,11.9
5,14,2,6,1,0.0
5,13,4,5,1,40.4
5,13,4,4,0,30.6
5,13,3,5,0,31.4
5,14,2,5,0,2.7
5,13,3,6,0,33.8
5,14,2,6,0,4.1
5,14,4,5,1,18.8
5,14,4,5,0,10.0
5,14,5,4,0,23.7
5,14,3,6,0,21.4
5,14,2,4,0,15.6
5,15,2,4,1,0.0
5,14,5,5,0,39.2
5,14,3,4,0,26.3
5,13,7,4,1,147.7
5,15,2,1,6,0.0
5,14,5,3,0,51.7
5,16,3,1,8,0.0
5,16,2,1,7,0.0
5,16,2,1,9,0.0
5,15,8,1,6,53.0
5,16,4,0,9,0.0
5,16,2,0,8,0.0
5,17,4,0,7,0.0
5,17,3,0,6,0.0
5,17,4,0,5,0.0
5,17,2,0,5,0.0
5,17,1,0,6,0.0
5,18,4,0,8,0.0
5,18,4,0,9,0.0
5,18,6,0,8,0.0
5,18,6,0,8,0.0
5,18,6,0,7,0.0
5,18,2,0,7,0.0
5,18,2,0,6,0.0
5,18,2,0,5,0.0
5,18,4,0,4,0.0
5,18,4,0,3,0.0
5,18,2,0,2,0.0
5,19,3,0,1,0.0
5,19,2,1,0,1.4
5,19,2,3,0,13.1
5,19,3,2,0,14.1
5,19,1,3,0,20.7
5,19,4,4,0,5.9
5,19,2,5,0,5.0
5,19,2,3,0,11.9
5,19,5,0,0,46.0
5,19,6,4,0,51.0
5,19,4,5,0,11.5
5,19,3,6,0,16.5
5,19,5,5,0,55.9
5,19,4,5,0,11.3
5,20,2,4,1,0.0
5,20,2,5,1,0.0
5,20,2,8,1,0.0
5,20,3,5,0,19.8
5,20,2,7,0,15.5
5,19,6,4,0,64.2
5,20,4,4,1,47.2
5,20,2,8,0,35.6
5,20,4,4,0,54.1
5,20,2,10,0,33.1
5,20,3,6,0,58.3
5,20,2,11,0,27.7
5,20,2,13,0,22.3
5,20,6,5,0,64.2
5,20,3,11,0,51.7
5,20,3,12,0,56.7
5,20,6,7,0,79.3
5,21,3,13,0,43.0
5,19,7,5,0,132.7
5,21,4,9,0,36.8
5,21,3,10,0,62.8
5,22,2,10,4,0.0
5,21,3,10,0,66.4
5,20,6,9,0,131.5
5,20,6,12,0,114.9
5,21,4,11,1,69.5
5,21,4,12,1,66.8
5,22,2,6,3,0.0
5,22,2,6,2,0.0
5,20,6,13,0,118.8
5,22,3,10,2,68.9
5,22,4,9,3,44.4
5,22,4,5,1,39.1
5,21,6,13,0,179.8
5,21,6,11,0,164.2
5,21,6,10,1,154.4
6,11,1,0,12,0.0
6,11,2,0,11,0.0
6,11,2,0,10,0.0
6,11,4,0,9,0.0
6,11,4,0,8,0.0
6,12,4,0,8,0.0
6,12,2,0,7,0.0
6,12,4,0,6,0.0
6,12,2,0,5,0.0
6,12,4,0,4,0.0
6,12,4,0,3,0.0
6,12,2,0,3,0.0
6,12,5,0,3,0.0
6,12,2,0,2,0.0
6,12,3,0,1,0.0
6,12,2,0,1,0.0
6,12,3,0,1,0.0
6,12,2,0,0,11.2
6,13,2,2,0,9.6
6,12,4,1,0,12.3
6,13,1,2,0,6.2
6,13,2,4,0,3.8
6,13,4,2,0,3.0
6,13,5,3,0,13.3
6,13,4,2,0,7.9
6,13,2,2,0,0.0
6,13,5,5,0,18.7
6,13,3,1,1,0.0
6,13,4,1,1,13.7
6,14,4,2,2,5.7
6,14,2,1,5,0.0
6,14,3,1,4,0.0
6,14,4,1,5,0.0
6,14,3,1,4,0.0
6,14,3,2,3,0.9
6,14,1,2,4,0.0
6,14,3,2,4,0.0
6,13,7,3,0,119.3
6,15,3,1,6,0.0
6,15,3,1,5,0.0
6,15,4,1,4,0.0
6,16,2,1,8,0.0
6,16,2,1,7,0.0
6,16,2,1,8,0.0
6,16,5,1,8,0.0
6,14,8,1,3,134.1
6,17,3,0,8,0.0
6,17,5,0,7,0.0
6,17,4,0,6,0.0
6,17,3,0,6,0.0
6,17,5,0,6,0.0
6,17,1,1,5,0.0
6,17,2,1,4,0.0
6,18,4,1,5,0.0
6,18,2,1,5,0.0
6,18,4,1,6,0.0
6,17,6,0,5,51.3
6,18,2,2,5,0.0
6,18,2,2,4,0.0
6,18,3,2,3,0.0
6,18,4,2,2,0.0
6,18,2,3,1,0.0
6,18,2,6,2,0.0
6,18,2,7,1,0.0
6,18,4,5,2,14.0
6,18,6,1,5,39.9
6,18,5,1,5,38.5
6,18,2,8,0,11.4
6,19,2,10,0,9.6
6,19,2,11,0,1.5
6,18,4,6,1,43.3
6,18,3,7,0,41.9
6,19,2,8,1,0.0
6,19,3,7,0,43.3
6,18,6,3,0,67.7
6,19,2,10,0,6.0
6,19,4,8,0,53.2
6,19,4,8,0,16.7
6,19,2,12,0,12.7
6,19,4,9,0,28.2
6,18,8,2,1,100.6
6,18,6,4,2,94.2
6,19,3,11,0,27.6
6,20,2,12,0,28.5
6,20,2,13,0,25.0
6,20,2,13,0,29.1
6,20,4,14,0,42.3
6,20,2,12,0,30.9
6,20,2,13,0,19.7
6,20,3,13,0,44.2
6,20,2,14,0,29.0
6,20,3,13,0,47.4
6,20,4,12,0,34.4
6,19,6,7,0,124.5
6,20,4,14,0,35.4
6,21,2,13,0,27.8
6,19,6,8,0,137.5
6,20,4,13,0,40.4
6,21,2,14,0,41.5
6,21,2,14,0,34.2
6,21,1,14,0,26.1
6,19,6,9,0,146.8
6,21,2,14,0,28.7
6,21,3,13,0,53.9
6,21,2,10,0,17.6
6,21,3,14,0,59.2
6,21,4,14,0,65.2
6,22,4,9,0,22.1
6,22,2,7,1,0.0
6,19,5,9,0,179.0
6,19,5,13,0,169.3
6,22,2,5,3,0.0
6,19,7,9,0,181.9
6,19,6,12,0,216.4
6,20,7,14,0,173.6
6,21,6,11,0,116.4
6,22,5,4,3,110.4
6,21,8,9,0,183.3
0,11,1,0,12,0.0
0,11,2,0,11,0.0
0,11,2,0,10,0.0
0,12,2,0,9,0.0
0,12,2,0,8,0.0
0,12,4,0,7,0.0
0,12,3,0,7,0.0
0,12,3,0,6,0.0
0,12,2,0,6,0.0
0,12,2,0,5,0.0
0,13,3,0,8,0.0
0,13,2,0,8,0.0
0,13,5,0,7,0.0
0,13,4,0,8,0.0
0,13,4,0,7,0.0
0,13,4,0,6,0.0
0,13,5,0,5,0.0
0,13,2,0,4,0.0
0,13,2,0,3,0.0
0,13,4,0,2,0.0
0,13,2,0,1,0.0
0,14,1,0,3,0.0
0,14,4,0,2,0.0
0,14,1,0,3,0.0
0,14,2,0,2,0.0
0,14,4,0,1,0.0
0,14,4,0,5,0.0
0,15,6,0,5,0.0
0,15,2,0,5,0.0
0,15,5,0,4,0.0
0,17,2,0,12,0.0
0,17,4,0,11,0.0
0,17,3,0,10,0.0
0,17,3,0,9,0.0
0,17,2,0,8,0.0
0,17,2,0,7,0.0
0,18,7,0,7,0.0
0,18,2,0,6,0.0
0,18,4,0,5,0.0
0,18,4,0,5,0.0
0,18,6,0,6,0.0
0,18,2,0,6,0.0
0,18,2,0,6,0.0
0,18,2,0,5,0.0
0,19,2,0,5,0.0
0,19,4,0,5,0.0
0,19,3,0,5,0.0
0,19,2,0,4,0.0
0,19,2,0,3,0.0
0,19,2,0,3,0.0
0,19,3,0,6,0.0
0,19,2,0,5,0.0
0,19,2,0,7,0.0
0,19,5,0,6,0.0
0,20,2,0,6,0.0
0,20,3,0,7,0.0
0,20,3,0,7,0.0
0,20,2,0,9,0.0
0,20,3,0,8,0.0
0,21,6,0,7,0.0
0,21,2,0,8,0.0
0,22,4,0,9,0.0
1,11,3,0,12,0.0
1,11,5,0,11,0.0
1,11,2,0,10,0.0
1,11,7,0,9,0.0
1,12,1,1,9,0.0
1,12,5,1,8,0.0
1,12,4,1,7,0.0
1,12,2,2,6,0.0
1,12,2,2,5,0.0
1,12,4,2,4,0.0
1,12,4,2,3,0.0
1,12,2,3,2,0.0
1,12,1,3,1,0.0
1,12,6,1,6,22.3
1,12,6,2,2,20.0
1,12,3,2,0,14.4
1,12,3,3,2,11.2
1,12,7,0,9,58.7
1,13,4,0,3,2.9
1,13,2,1,3,0.0
1,13,4,1,2,11.9
1,13,2,3,3,0.0
1,13,2,3,2,0.0
1,13,4,2,2,24.0
1,13,3,3,2,21.5
1,13,3,3,1,7.9
1,13,4,1,1,2.5
1,14,2,1,2,0.0
1,14,2,2,3,0.0
1,14,2,2,6,0.0
1,13,8,0,3,103.6
1,14,2,1,8,0.0
1,15,4,1,7,0.0
1,15,2,1,8,0.0
1,15,4,1,10,0.0
1,14,8,1,1,118.5
1,16,3,0,10,0.0
1,17,3,0,10,0.0
1,17,3,0,9,0.0
1,17,2,0,9,0.0
1,17,4,0,8,0.0
1,18,2,0,9,0.0
1,18,4,0,10,0.0
1,18,6,0,10,0.0
1,18,4,0,9,0.0
1,18,3,0,8,0.0
1,19,3,0,8,0.0
1,19,2,0,7,0.0
1,19,4,0,6,0.0
1,19,3,0,5,0.0
1,19,5,0,4,0.0
1,19,2,0,3,0.0
1,19,2,1,2,0.0
1,19,2,2,1,0.0
1,19,3,1,1,8.0
1,19,3,3,0,10.1
1,19,2,4,0,17.3
1,19,5,0,2,42.0
1,19,2,5,0,20.3
1,19,4,3,0,30.4
1,20,1,4,0,7.4
1,19,4,5,0,22.3
1,20,2,2,1,0.0
1,19,5,2,0,45.7
1,19,5,6,0,35.1
1,20,3,1,3,2.5
1,20,2,3,4,0.0
1,20,4,1,3,11.7
1,20,4,3,3,16.4
1,20,5,1,1,49.7
1,20,6,2,3,44.3
1,21,5,2,3,33.1
1,21,2,2,6,0.0
1,21,2,2,6,0.0
1,21,6,1,6,25.8
1,22,4,1,5,0.0
1,22,3,1,4,0.0
1,21,5,2,6,38.1
1,22,2,0,5,0.0
2,11,4,0,12,0.0
2,12,4,0,11,0.0
2,12,3,0,10,0.0
2,12,2,0,10,0.0
2,12,5,0,9,0.0
2,12,2,0,8,0.0
2,12,2,0,7,0.0
2,12,6,0,6,0.0
2,13,6,0,6,0.0
2,13,4,0,6,0.0
2,13,6,0,7,0.0
2,13,2,0,7,0.0
2,13,2,0,6,0.0
2,13,3,0,7,0.0
2,13,2,0,6,0.0
2,13,4,1,5,0.0
2,13,6,0,5,4.6
2,14,2,1,4,0.0
2,13,6,1,4,22.1
2,14,2,0,4,0.0
2,14,4,0,7,0.0
2,14,3,0,6,0.0
2,14,5,0,5,11.8
2,16,4,0,10,0.0
2,16,3,0,10,0.0
2,16,2,0,9,0.0
2,16,4,0,8,0.0
2,17,4,0,9,0.0
2,17,1,0,9,0.0
2,17,2,0,9,0.0
2,17,4,0,8,0.0
2,17,4,0,8,0.0
2,18,2,0,9,0.0
2,18,2,0,8,0.0
2,18,6,0,7,0.0
2,18,6,0,10,0.0
2,19,4,0,10,0.0
2,19,2,0,9,0.0
2,19,2,0,8,0.0
2,19,2,0,7,0.0
2,19,3,0,6,0.0
2,19,2,0,5,0.0
2,19,6,0,4,0.0
2,19,2,0,4,0.0
2,19,3,0,3,0.0
2,19,2,0,2,0.0
2,19,2,0,1,0.0
2,20,4,0,2,0.0
2,20,2,0,4,0.0
2,20,4,0,4,0.0
2,20,2,0,5,0.0
2,20,6,0,4,0.0
2,20,2,1,4,0.0
2,21,4,1,5,0.0
2,21,2,1,4,0.0
2,21,1,1,3,0.0
2,21,4,1,2,0.0
2,20,8,0,3,30.6
2,21,1,1,7,0.0
2,21,4,1,6,0.0
2,21,3,1,5,0.0
2,22,2,1,8,0.0
2,22,5,1,7,0.0
2,22,2,1,7,0.0
2,22,2,1,6,0.0
2,21,8,0,3,119.1
3,11,4,0,12,0.0
3,11,4,0,11,0.0
3,11,3,0,10,0.0
3,11,2,0,9,0.0
3,11,2,0,8,0.0
3,12,3,0,7,0.0
3,12,3,0,6,0.0
3,12,3,0,5,0.0
3,12,3,0,4,0.0
3,12,2,0,3,0.0
3,12,5,0,4,0.0
3,12,2,0,5,0.0
3,12,2,0,4,0.0
3,12,2,0,3,0.0
3,12,2,0,3,0.0
3,12,3,0,3,0.0
3,12,2,0,2,0.0
3,12,3,0,1,0.0
3,12,4,0,0,10.7
3,12,2,1,0,19.5
3,12,2,2,0,20.3
3,13,4,2,0,14.6
3,13,2,4,0,17.9
3,13,2,2,0,2.3
3,13,4,3,0,26.0
3,13,4,1,0,1.0
3,13,5,2,0,15.4
3,13,2,0,1,0.0
3,13,1,0,1,0.0
3,13,2,0,0,0.6
3,13,4,0,0,0.5
3,14,4,0,5,0.0
3,14,4,0,6,0.0
3,15,4,0,10,0.0
3,15,2,0,10,0.0
3,15,2,0,9,0.0
3,15,2,0,8,0.0
3,15,7,0,7,0.0
3,16,4,0,7,0.0
3,16,3,0,8,0.0
3,16,4,0,9,0.0
3,16,2,0,8,0.0
3,17,1,0,7,0.0
3,17,2,0,6,0.0
3,17,7,0,8,0.0
3,17,5,0,7,0.0
3,17,2,0,6,0.0
3,17,5,0,6,0.0
3,17,1,0,5,0.0
3,18,4,1,8,0.0
3,18,3,1,7,0.0
3,18,3,1,6,0.0
3,18,4,1,5,0.0
3,18,4,1,5,0.0
3,18,3,1,5,0.0
3,18,7,0,6,46.2
3,19,2,1,4,0.0
3,18,3,0,4,6.3
3,19,3,0,3,2.9
3,19,3,0,3,0.9
3,19,2,0,5,0.0
3,19,1,0,4,0.0
3,19,2,0,3,0.0
3,19,2,0,2,0.0
3,19,4,1,2,0.0
3,19,6,0,1,7.0
3,19,4,0,2,0.0
3,19,2,0,1,0.0
3,20,4,1,1,0.0
3,19,6,0,0,8.9
3,20,4,0,1,0.1
3,20,4,0,3,0.0
3,20,4,0,2,2.3
3,20,2,0,3,0.0
3,20,4,0,2,0.0
3,20,3,0,1,2.5
3,20,2,0,4,0.0
3,20,1,0,3,0.0
3,20,5,0,2,12.0
3,21,5,1,2,15.7
3,21,1,0,5,0.0
3,21,3,0,4,0.0
3,21,2,0,4,0.0
3,21,2,0,3,0.0
3,21,2,0,2,0.0
3,21,2,1,1,0.0
3,21,5,0,1,5.2
3,21,3,0,3,0.0
3,21,4,0,2,13.8
3,22,3,0,3,0.9
3,22,2,0,8,0.0
3,22,4,0,7,0.0
4,11,2,0,12,0.0
4,11,4,0,11,0.0
4,11,2,0,10,0.0
4,11,4,0,9,0.0
4,12,1,0,8,0.0
4,12,4,0,7,0.0
4,12,1,0,6,0.0
4,12,2,0,6,0.0
4,12,4,0,5,0.0
4,12,8,0,5,0.0
4,12,6,1,4,0.0
4,12,3,1,4,0.0
4,12,2,1,3,0.0
4,12,4,1,2,0.0
4,12,4,1,1,0.0
4,12,3,1,2,0.0
4,12,2,1,2,0.0
4,12,2,2,1,0.0
4,12,2,3,1,0.0
4,13,3,3,1,5.3
4,13,2,5,1,0.0
4,13,3,4,1,12.3
4,12,5,1,1,27.8
4,13,2,6,1,0.0
4,13,3,4,1,23.4
4,13,2,7,1,0.0
4,12,5,2,1,39.4
4,13,2,11,2,0.0
4,13,2,13,1,0.0
4,13,3,5,0,46.4
4,13,4,6,0,35.2
4,13,4,7,0,39.9
4,13,3,7,0,31.2
4,13,1,12,0,15.3
4,13,6,6,0,66.6
4,12,8,0,4,127.7
4,14,2,9,0,11.6
4,13,3,9,2,47.3
4,14,2,8,0,2.5
4,13,3,10,2,58.0
4,13,6,7,1,64.9
4,13,3,12,1,69.8
4,14,3,7,0,35.3
4,14,3,5,0,25.9
4,13,6,8,1,107.4
4,13,7,5,0,132.8
4,14,3,6,2,35.1
4,15,3,4,4,8.1
4,15,4,1,4,4.7
4,16,3,1,6,0.0
4,16,3,1,5,0.0
4,16,2,1,9,0.0
4,17,3,1,8,0.0
4,17,2,1,8,0.0
4,13,8,11,1,211.8
4,17,6,0,8,0.0
4,17,4,0,8,0.0
4,17,5,0,7,0.0
4,18,4,0,6,0.0
4,18,3,0,6,0.0
4,18,3,0,5,0.0
4,18,4,0,4,0.0
4,18,1,0,4,0.0
4,18,2,0,3,0.0
4,18,6,0,2,1.6
4,18,1,1,2,0.0
4,18,2,1,1,0.0
4,18,6,1,2,20.3
4,18,4,2,0,11.1
4,18,5,1,0,20.1
4,18,2,6,0,16.8
4,18,2,7,0,19.5
4,18,2,7,0,20.2
4,18,3,2,0,28.3
4,18,3,4,0,30.6
4,18,2,8,0,28.1
4,19,2,8,0,31.1
4,19,2,9,0,27.3
4,19,1,10,0,34.7
4,19,2,11,0,45.9
4,19,2,12,0,45.0
4,18,5,3,0,65.6
4,19,2,13,0,52.7
4,18,5,5,0,73.1
4,19,2,12,0,47.7
4,19,4,12,0,55.4
4,19,5,13,0,64.6
4,19,2,14,0,57.4
4,19,4,12,0,66.4
4,19,3,13,0,68.2
4,19,2,13,0,56.8
4,19,3,14,0,70.5
4,19,2,12,0,49.9
4,19,2,13,0,51.1
4,19,4,13,0,69.8
4,20,1,14,0,51.0
4,19,3,14,0,75.7
4,20,3,13,0,61.5
4,20,2,13,0,51.0
4,20,4,14,0,62.8
4,20,7,14,0,91.9
4,20,2,14,0,59.6
4,20,3,14,0,63.5
4,20,4,14,0,63.4
4,20,2,14,0,50.7
4,20,1,14,0,42.0
4,20,6,13,0,101.4
4,20,3,14,0,74.4
4,21,1,13,0,62.8
4,20,5,14,0,116.7
4,21,1,10,0,24.0
4,21,3,14,0,71.1
4,21,4,14,0,59.7
4,21,3,9,0,52.6
4,22,2,8,0,11.6
4,20,7,14,0,146.0
4,22,1,6,0,0.5
4,21,4,9,0,67.0
4,22,2,5,2,0.0
4,22,2,5,1,0.0
4,21,6,14,0,121.0
4,21,4,10,0,76.4
4,22,4,11,0,75.3
4,22,4,8,0,55.8
4,22,6,5,1,115.7
5,11,2,0,12,0.0
5,11,4,0,11,0.0
5,11,2,0,10,0.0
5,11,2,0,9,0.0
5,11,3,0,8,0.0
5,12,2,0,7,0.0
5,12,4,0,6,0.0
5,12,2,0,5,0.0
5,12,2,0,4,0.0
5,12,4,0,3,0.0
5,12,1,0,4,0.0
5,12,5,0,3,0.0
5,12,3,0,3,0.0
5,12,2,0,2,0.0
5,12,4,0,1,1.6
5,12,4,0,1,1.9
5,12,2,1,1,0.0
5,13,2,4,0,2.8
5,12,3,2,0,6.5
5,12,3,3,0,18.2
5,13,2,5,0,17.3
5,13,2,6,0,14.8
5,12,8,0,1,47.8
5,13,4,6,0,34.2
5,13,2,5,0,18.2
5,13,4,7,0,38.7
5,13,2,7,0,26.9
5,13,2,8,0,32.9
5,13,2,9,0,45.8
5,13,4,10,0,44.9
5,13,1,11,0,45.3
5,13,2,12,0,48.5
5,13,4,12,0,41.5
5,13,3,13,0,47.1
5,13,1,12,0,52.2
5,14,2,9,1,0.0
5,13,4,12,0,64.1
5,13,4,13,0,62.9
5,13,4,14,0,58.9
5,12,7,1,0,116.6
5,13,6,11,0,93.0
5,15,2,4,5,0.0
5,13,8,6,0,130.0
5,15,2,3,5,0.0
5,13,6,14,0,109.0
5,15,1,3,5,0.0
5,16,3,3,6,0.0
5,14,5,8,1,102.1
5,16,2,2,7,0.0
5,16,4,2,6,0.0
5,14,8,8,0,132.7
5,16,5,1,7,0.0
5,17,2,1,7,0.0
5,17,3,1,6,0.0
5,17,2,1,7,0.0
5,17,4,1,7,0.0
5,17,3,1,7,0.0
5,17,3,1,6,0.0
5,15,7,2,5,127.2
5,17,2,0,5,0.0
5,18,3,0,5,0.0
5,18,3,0,4,0.0
5,18,4,0,4,0.0
5,18,2,0,3,0.0
5,18,5,0,2,0.0
5,18,2,0,2,0.0
5,18,3,0,3,0.0
5,18,2,0,3,0.0
5,18,2,0,2,0.0
5,18,3,0,1,0.0
5,18,4,0,1,6.8
5,19,2,2,1,0.0
5,19,2,2,0,5.0
5,19,2,4,0,3.4
5,18,4,1,1,25.2
5,18,3,2,1,24.9
5,19,2,3,0,1.5
5,19,4,3,0,31.0
5,19,3,3,0,24.8
5,19,4,4,0,27.1
5,19,1,4,0,21.9
5,19,2,5,0,30.2
5,19,2,5,0,33.9
5,19,4,6,0,32.3
5,19,4,7,0,44.8
5,20,4,1,2,4.3
5,20,2,1,3,0.0
5,20,4,1,2,9.5
5,20,2,4,2,0.0
5,20,2,4,1,0.0
5,20,3,2,2,13.2
5,20,6,0,3,26.9
5,20,4,3,2,26.1
5,20,3,4,2,27.2
5,20,3,3,1,20.5
5,21,2,2,2,0.0
5,20,4,3,1,26.5
5,21,2,2,1,0.0
5,21,3,3,2,21.2
5,21,4,2,1,13.3
5,21,3,2,0,9.6
5,21,2,3,0,9.3
5,21,2,5,0,4.2
5,21,3,2,0,36.6
5,21,6,3,0,38.5
5,21,4,4,0,40.3
5,21,4,4,0,35.8
5,21,4,5,0,35.4
5,21,4,6,0,44.8
5,22,4,6,0,29.5
5,22,2,3,2,0.0
5,22,2,3,1,0.0
5,22,2,5,1,0.0
5,22,6,6,0,66.2
5,22,4,5,1,53.0
5,22,8,2,2,36.4
5,22,3,3,0,29.2
5,22,6,4,1,84.5
6,11,5,0,12,0.0
6,11,4,0,11,0.0
6,11,6,0,10,0.0
6,11,2,0,9,0.0
6,11,1,0,8,0.0
6,12,6,0,7,0.0
6,12,2,0,6,0.0
6,12,3,0,5,0.0
6,12,2,0,6,0.0
6,12,4,0,5,0.0
6,12,5,0,4,0.0
6,12,2,1,3,0.0
6,12,5,0,3,1.9
6,12,2,0,2,0.0
6,12,3,0,1,0.0
6,12,2,0,0,8.0
6,12,2,2,0,5.8
6,12,2,3,0,4.4
6,12,2,4,0,14.9
6,12,6,1,0,33.5
6,12,3,3,0,29.5
6,12,2,4,0,32.2
6,12,4,3,0,38.8
6,12,2,5,0,43.4
6,12,4,6,0,42.1
6,13,3,7,0,48.8
6,13,2,6,1,0.0
6,13,5,7,0,35.4
6,13,4,8,0,31.4
6,13,4,5,0,20.2
6,13,4,6,0,23.8
6,13,6,7,0,48.3
6,13,3,5,0,38.6
6,13,4,5,0,38.1
6,14,2,3,3,0.0
6,14,4,5,0,42.5
6,14,4,6,0,47.4
6,14,6,2,2,13.2
6,14,4,3,2,15.6
6,15,1,1,6,0.0
6,15,2,1,5,0.0
6,13,8,7,0,120.8
6,15,2,0,4,0.0
6,15,6,0,3,7.8
6,15,2,1,3,0.0
6,16,4,1,7,0.0
6,15,6,0,3,59.3
6,16,2,1,8,0.0
6,16,5,1,7,0.0
6,16,2,1,6,0.0
6,16,7,1,7,46.9
6,17,4,0,7,0.0
6,17,4,0,6,0.0
6,17,4,0,5,0.0
6,17,2,0,4,0.0
6,17,1,0,3,0.0
6,18,2,0,5,0.0
6,18,2,0,4,0.0
6,18,2,0,3,0.0
6,18,5,0,2,0.0
6,18,2,0,3,0.0
6,18,4,0,3,0.0
6,18,4,0,2,0.0
6,18,2,0,1,0.0
6,18,2,0,0,1.1
6,18,4,0,1,0.0
6,18,4,0,0,3.9
6,18,2,2,0,3.8
6,18,2,4,2,0.0
6,18,3,2,0,22.6
6,19,2,4,2,0.0
6,18,4,2,1,24.3
6,18,4,3,2,15.9
6,19,2,2,1,0.0
6,18,7,1,0,41.7
6,19,2,3,0,1.4
6,19,6,3,2,23.1
6,19,3,2,0,12.5
6,19,2,3,0,14.9
6,19,4,2,0,25.1
6,19,1,4,0,21.8
6,19,4,5,0,22.5
6,19,1,5,0,17.5
6,19,2,5,0,28.7
6,19,2,6,0,30.3
6,19,6,6,0,62.3
6,19,3,5,0,54.4
6,20,1,10,0,10.2
6,19,4,4,0,54.6
6,20,3,7,0,33.2
6,20,4,8,0,31.9
6,20,2,8,0,2.7
6,20,6,7,0,45.3
6,20,4,9,0,38.8
6,20,4,10,0,36.5
6,19,7,4,0,87.9
6,21,2,8,0,2.7
6,20,4,9,0,46.6
6,21,2,9,0,3.2
6,20,4,8,0,47.2
6,21,2,8,1,0.0
6,20,4,7,0,65.2
6,20,4,7,0,64.1
6,21,2,7,0,3.9
6,20,4,7,0,62.6
6,21,2,8,0,1.8
6,21,4,7,1,25.1
6,20,5,6,0,67.0
6,21,4,7,0,19.0
6,22,2,4,2,0.0
6,20,6,8,0,104.8
6,22,1,4,5,0.0
6,22,4,4,4,0.0
6,21,6,8,0,128.3
6,21,5,8,0,138.0
6,21,5,8,0,152.3
6,22,8,4,2,135.5
0,11,6,0,12,0.0
0,12,2,0,11,0.0
0,12,6,0,10,0.0
0,12,2,0,9,0.0
0,12,4,0,8,0.0
0,12,4,0,7,0.0
0,12,6,0,6,0.0
0,12,4,0,5,0.0
0,12,2,0,5,0.0
0,12,4,0,5,0.0
0,12,4,0,5,0.0
0,13,4,0,4,0.0
0,13,2,0,4,0.0
0,13,2,0,3,0.0
0,13,2,1,5,0.0
0,13,6,0,4,21.4
0,13,5,1,4,14.2
0,13,3,0,6,0.0
0,13,2,0,5,0.0
0,13,5,0,5,5.2
0,14,2,0,6,0.0
0,14,4,0,6,0.0
0,14,4,0,5,0.0
0,14,2,0,4,0.0
0,14,3,0,5,0.0
0,14,6,0,5,0.0
0,15,3,0,6,0.0
0,15,2,0,10,0.0
0,16,4,0,12,0.0
0,17,8,0,11,0.0
0,17,3,1,10,0.0
0,17,3,1,10,0.0
0,18,5,2,9,0.0
0,18,4,2,8,0.0
0,18,4,2,7,0.0
0,18,5,2,7,0.0
0,18,3,2,7,0.0
0,17,8,0,10,78.3
0,19,2,3,6,0.0
0,18,5,2,6,40.5
0,19,2,3,7,0.0
0,19,2,3,6,0.0
0,19,2,3,7,0.0
0,19,2,3,6,0.0
0,19,4,3,5,0.0
0,18,8,1,9,105.5
0,19,4,2,4,0.0
0,20,3,2,3,0.0
0,20,2,2,2,0.0
0,20,2,2,3,0.0
0,20,2,2,2,0.0
0,20,4,2,2,0.0
0,20,4,2,1,5.5
0,20,4,3,2,3.5
0,20,2,2,5,0.0
0,21,5,2,7,0.0
0,18,8,1,6,158.6
0,21,2,1,7,0.0
0,22,1,1,8,0.0
0,19,8,3,5,216.5
1,11,2,0,12,0.0
1,11,2,0,11,0.0
1,11,3,0,10,0.0
1,12,7,0,9,0.0
1,12,2,0,8,0.0
1,12,3,0,8,0.0
1,12,1,0,8,0.0
1,12,6,0,7,0.0
1,12,4,0,8,0.0
1,12,3,0,7,0.0
1,12,4,0,6,0.0
1,12,3,1,6,0.0
1,13,4,1,5,0.0
1,13,2,1,4,0.0
1,13,5,1,3,0.0
1,12,8,0,6,11.0
1,13,4,0,5,0.0
1,13,2,0,4,0.0
1,13,4,0,3,0.0
1,13,2,0,3,0.0
1,13,6,0,2,0.0
1,13,2,0,2,0.0
1,13,3,0,2,0.0
1,13,3,0,2,0.0
1,13,4,0,1,6.5
1,14,2,0,3,0.0
1,14,4,0,3,0.0
1,14,4,0,7,0.0
1,14,2,0,7,0.0
1,15,1,0,10,0.0
1,15,2,0,9,0.0
1,15,2,0,9,0.0
1,16,4,0,9,0.0
1,16,2,0,9,0.0
1,16,5,0,8,0.0
1,16,1,0,8,0.0
1,16,7,0,7,0.0
1,16,2,0,8,0.0
1,17,4,0,7,0.0
1,17,5,0,7,0.0
1,17,3,0,6,0.0
1,17,5,0,8,0.0
1,17,4,0,7,0.0
1,18,2,1,7,0.0
1,18,6,0,7,12.7
1,18,4,1,7,0.0
1,18,7,0,7,11.1
1,18,3,0,7,0.0
1,18,1,0,6,0.0
1,18,2,0,5,0.0
1,18,2,0,4,0.0
1,18,1,0,4,0.0
1,19,4,0,6,0.0
1,19,4,0,5,0.0
1,19,2,0,5,0.0
1,19,4,0,9,0.0
1,20,3,0,8,0.0
1,20,5,0,8,0.0
1,20,2,0,9,0.0
1,20,6,0,8,0.0
1,20,2,0,7,0.0
1,20,2,0,6,0.0
1,20,6,0,5,0.0
1,20,1,0,4,0.0
1,21,3,0,4,0.0
1,21,3,1,4,0.0
1,21,3,1,6,0.0
1,21,7,0,4,37.4
1,22,3,1,9,0.0
1,22,6,1,8,0.0
1,21,8,1,6,109.0
2,11,5,0,12,0.0
2,11,2,0,11,0.0
2,11,2,0,10,0.0
2,11,6,0,9,0.0
2,11,2,0,8,0.0
2,11,4,0,7,0.0
2,11,3,0,6,0.0
2,12,4,0,7,0.0
2,12,4,0,6,0.0
2,12,3,0,5,0.0
2,12,5,0,6,0.0
2,12,2,0,5,0.0
2,12,1,0,4,0.0
2,12,3,0,3,0.0
2,12,2,0,3,0.0
2,13,3,1,3,0.0
2,13,3,1,2,0.0
2,13,2,1,4,0.0
2,13,3,1,3,0.0
2,13,4,1,2,0.0
2,13,7,0,3,24.4
2,13,4,2,4,0.0
2,13,5,1,3,7.7
2,13,4,1,4,0.0
2,13,2,1,3,0.0
2,14,4,1,5,0.0
2,14,2,1,4,0.0
2,14,3,2,6,0.0
2,14,2,2,8,0.0
2,14,3,2,7,0.0
2,14,4,2,7,0.0
2,15,3,2,6,0.0
2,13,8,0,3,102.4
2,15,4,1,6,0.0
2,15,2,1,5,0.0
2,15,2,1,4,0.0
2,15,2,1,5,0.0
2,15,1,1,4,0.0
2,15,4,1,3,0.0
2,15,3,1,3,0.0
2,16,2,1,2,0.0
2,14,8,1,3,139.5
2,17,2,0,10,0.0
2,17,1,0,10,0.0
2,17,5,0,9,0.0
2,17,4,0,8,0.0
2,17,4,0,7,0.0
2,17,2,0,6,0.0
2,17,2,0,5,0.0
2,17,5,0,5,0.0
2,18,2,0,6,0.0
2,18,6,0,6,0.0
2,18,2,0,5,0.0
2,18,3,1,5,0.0
2,18,4,1,5,0.0
2,19,4,1,6,0.0
2,19,2,1,5,0.0
2,19,2,1,4,0.0
2,18,6,0,5,32.9
2,19,5,0,4,0.8
2,19,7,0,6,0.0
2,19,3,0,5,0.0
2,19,3,1,6,0.0
2,20,1,1,7,0.0
2,20,4,1,6,0.0
2,20,1,1,5,0.0
2,20,4,1,4,0.0
2,20,4,1,3,0.0
2,19,6,0,5,40.0
2,20,2,4,2,0.0
2,20,2,4,1,0.0
2,20,4,1,2,20.0
2,20,4,2,2,15.8
2,21,2,5,2,0.0
2,20,4,3,2,25.1
2,20,4,3,0,26.8
2,21,1,4,1,0.0
2,20,7,1,2,40.2
2,21,1,3,1,0.0
2,20,4,3,2,23.0
2,20,4,4,2,22.8
2,21,3,3,1,20.7
2,21,5,3,0,20.4
2,21,2,0,1,0.0
2,21,4,0,1,5.9
2,22,2,1,2,0.0
2,22,2,1,2,0.0
2,22,4,1,2,0.0
2,21,5,1,1,31.3
2,22,4,0,4,0.0
2,22,4,0,5,0.0
2,22,1,0,4,0.0
3,11,5,0,12,0.0
3,11,2,0,11,0.0
3,11,2,0,10,0.0
3,12,4,0,9,0.0
3,12,6,0,8,0.0
3,12,6,0,8,0.0
3,12,2,0,8,0.0
3,12,4,0,7,0.0
3,12,2,0,7,0.0
3,12,2,0,6,0.0
3,12,2,0,5,0.0
3,12,6,0,4,0.0
3,13,2,1,3,0.0
3,13,4,2,2,0.0
3,13,2,2,1,0.0
3,13,2,3,1,0.0
3,13,4,2,1,4.4
3,12,6,0,3,29.7
3,13,2,2,2,0.0
3,13,6,1,2,29.0
3,13,2,1,4,0.0
3,13,2,1,3,0.0
3,13,4,1,2,0.0
3,13,4,1,2,0.0
3,13,6,2,1,41.6
3,14,4,0,2,0.0
3,14,3,0,1,14.1
3,14,3,1,2,9.7
3,14,4,1,5,0.0
3,14,5,1,2,5.8
3,14,3,0,4,8.0
3,14,4,0,5,0.0
3,15,1,0,6,0.0
3,16,3,0,9,0.0
3,17,1,0,12,0.0
3,17,5,0,11,0.0
3,17,4,0,10,0.0
3,18,5,0,10,0.0
3,18,6,0,9,0.0
3,18,2,1,8,0.0
3,18,5,0,8,16.2
3,18,4,0,7,0.0
3,18,1,0,6,0.0
3,19,4,0,6,0.0
3,19,2,0,5,0.0
3,19,5,0,5,0.0
3,19,2,0,4,0.0
3,19,2,0,3,0.0
3,19,4,0,3,0.0
3,19,2,0,2,0.0
3,19,4,0,1,0.0
3,19,2,0,0,2.4
3,19,2,0,1,0.0
3,19,4,0,1,0.0
3,19,2,0,0,7.8
3,19,1,0,0,0.3
3,20,1,0,1,0.0
3,20,4,0,3,0.0
3,20,3,0,2,0.0
3,20,6,0,5,0.0
3,20,4,0,4,0.0
3,20,2,0,3,0.0
3,20,3,0,5,0.0
3,21,2,0,5,0.0
3,21,2,0,6,0.0
3,21,4,0,5,0.0
3,21,5,0,4,0.0
3,21,3,0,4,0.0
3,21,4,0,4,0.0
3,21,2,0,5,0.0
3,21,4,0,5,0.0
3,21,2,0,4,0.0
3,21,4,0,3,0.0
3,22,2,0,2,0.0
3,22,2,0,3,0.0
3,22,4,0,5,0.0
3,22,3,0,4,0.0
3,22,1,0,5,0.0
3,22,7,0,6,0.0
4,11,1,0,12,0.0
4,11,3,0,11,0.0
4,11,6,0,10,0.0
4,11,2,0,9,0.0
4,12,2,0,9,0.0
4,12,3,0,8,0.0
4,12,5,0,7,0.0
4,12,4,0,6,0.0
4,12,4,0,5,0.0
4,12,5,0,4,0.0
4,12,2,1,3,0.0
4,12,2,1,2,0.0
4,12,3,1,1,0.0
4,12,2,3,0,5.2
4,12,5,0,3,22.3
4,12,3,1,0,22.8
4,12,6,2,0,23.7
4,13,2,1,1,0.0
4,12,6,3,0,17.8
4,13,2,0,0,9.4
4,13,3,0,3,0.0
4,13,3,0,4,0.0
4,13,1,0,3,0.0
4,13,3,0,2,2.9
4,13,2,0,2,0.0
4,13,1,3,1,0.0
4,13,4,0,1,15.1
4,13,3,2,1,16.6
4,14,4,2,0,1.1
4,14,2,3,0,1.6
4,13,6,1,1,21.9
4,14,2,1,1,0.0
4,13,6,3,0,24.3
4,14,4,1,1,0.0
4,14,2,4,1,0.0
4,14,5,1,0,21.2
4,14,4,3,1,14.6
4,14,2,3,2,0.0
4,14,2,3,2,0.0
4,14,3,4,2,24.6
4,15,1,2,3,0.0
4,14,5,1,0,52.6
4,14,6,2,0,55.3
4,15,4,0,5,0.0
4,15,4,0,4,0.0
4,15,2,0,6,0.0
4,16,4,0,11,0.0
4,17,2,0,11,0.0
4,17,2,0,10,0.0
4,17,2,0,9,0.0
4,18,3,0,10,0.0
4,18,3,0,9,0.0
4,18,2,0,9,0.0
4,18,7,0,8,0.0
4,18,2,0,7,0.0
4,18,3,0,7,0.0
4,18,2,0,6,0.0
4,18,2,0,5,0.0
4,19,4,1,5,0.0
4,19,6,1,4,0.0
4,19,5,1,4,0.0
4,19,4,1,4,0.0
4,19,3,1,3,0.0
4,19,3,1,3,0.0
4,19,2,2,2,0.0
4,19,2,2,1,0.0
4,18,7,0,5,20.5
4,19,4,1,2,20.0
4,19,3,1,0,34.3
4,19,5,2,0,39.1
4,20,2,3,2,0.0
4,19,3,3,0,53.7
4,20,1,6,3,0.0
4,19,4,4,0,56.6
4,20,2,7,2,0.0
4,20,2,7,1,0.0
4,19,5,4,0,50.0
4,20,4,3,2,19.5
4,20,3,4,3,37.8
4,20,2,8,0,2.6
4,20,6,5,3,35.2
4,20,3,6,3,38.6
4,20,3,6,2,34.0
4,20,3,7,2,44.7
4,20,2,8,0,20.4
4,20,4,7,0,22.7
4,20,2,5,0,19.6
4,21,3,5,0,22.4
4,20,6,5,0,54.5
4,21,1,5,0,25.1
4,21,2,6,0,32.2
4,21,2,7,0,18.8
4,21,4,5,0,4.8
4,22,3,5,4,0.0
4,22,4,5,3,2.9
4,20,5,6,0,106.2
4,21,6,6,0,81.0
4,21,5,6,0,81.6
4,21,8,3,0,117.3
4,21,7,4,0,181.4
5,11,2,0,12,0.0
5,11,5,0,11,0.0
5,11,2,0,10,0.0
5,11,4,0,9,0.0
5,11,4,0,8,0.0
5,12,5,0,8,0.0
5,12,4,0,7,0.0
5,12,4,0,6,0.0
5,12,3,0,5,0.0
5,12,2,0,4,0.0
5,12,2,0,4,0.0
5,12,1,0,3,0.0
5,12,4,0,3,0.0
5,12,5,0,2,0.0
5,12,1,1,2,0.0
5,12,2,1,2,0.0
5,12,2,1,1,0.0
5,12,2,3,0,3.4
5,12,2,4,0,5.0
5,12,2,6,1,0.0
5,12,4,1,0,20.9
5,12,4,2,0,26.5
5,12,4,5,0,28.9
5,13,2,6,0,11.8
5,12,3,4,1,28.1
5,12,4,5,1,26.5
5,13,2,5,0,2.3
5,12,7,0,2,55.9
5,12,4,6,0,32.1
5,13,3,5,0,23.7
5,13,2,6,0,27.5
5,13,2,3,0,9.9
5,13,3,3,0,28.0
5,13,2,4,0,18.3
5,13,3,2,0,26.9
5,13,2,5,0,23.1
5,14,2,1,1,0.0
5,13,5,5,0,29.5
5,14,3,0,1,5.5
5,14,4,1,2,0.0
5,14,2,1,2,0.0
5,14,6,0,2,4.0
5,14,4,0,5,0.0
5,15,3,0,7,0.0
5,15,2,0,6,0.0
5,15,2,0,6,0.0
5,16,5,0,8,0.0
5,16,2,0,11,0.0
5,17,1,0,10,0.0
5,17,1,0,9,0.0
5,17,2,0,8,0.0
5,17,3,0,8,0.0
5,17,2,0,7,0.0
5,17,2,0,7,0.0
5,18,6,0,11,0.0
5,18,2,0,10,0.0
5,18,2,0,9,0.0
5,18,2,0,9,0.0
5,18,4,0,8,0.0
5,19,2,0,7,0.0
5,19,3,0,6,0.0
5,19,5,0,5,0.0
5,19,5,0,4,0.0
5,19,3,0,5,0.0
5,19,2,0,4,0.0
5,19,3,0,3,0.0
5,19,4,1,2,0.0
5,19,2,1,1,0.0
5,19,2,1,0,8.1
5,19,2,4,0,14.7
5,19,5,2,0,19.7
5,19,2,4,0,7.7
5,19,4,3,0,22.7
5,19,2,5,0,19.6
5,19,2,4,0,14.5
5,19,2,5,0,14.3
5,20,2,5,0,6.0
5,20,2,6,0,5.9
5,20,2,5,0,20.4
5,19,7,0,2,70.0
5,20,4,5,0,14.7
5,20,2,6,0,15.6
5,20,5,4,0,47.6
5,20,2,7,0,23.4
5,20,2,8,0,11.8
5,20,4,7,0,17.8
5,20,2,6,0,10.7
5,20,6,5,0,49.8
5,20,2,8,0,12.9
5,20,4,7,0,26.1
5,21,1,6,0,23.4
5,21,3,6,0,32.0
5,21,3,7,0,33.1
5,21,2,6,0,33.4
5,20,5,4,0,77.0
5,20,5,7,0,74.2
5,21,2,8,0,39.4
5,21,4,7,0,46.1
5,21,4,8,0,48.1
5,21,1,11,0,34.7
5,21,2,12,0,42.9
5,21,3,9,0,65.8
5,21,4,10,0,68.2
5,21,2,12,0,61.1
5,21,2,12,0,54.1
5,21,2,12,0,49.4
5,21,4,13,0,69.8
5,21,6,10,0,77.9
5,21,2,13,0,56.3
5,21,4,13,0,78.0
5,22,2,11,0,52.9
5,21,4,13,0,75.9
5,22,2,11,0,46.3
5,22,2,5,0,21.6
5,22,4,11,0,56.8
5,22,2,6,0,32.7
6,11,4,0,12,0.0
6,11,7,0,11,0.0
6,11,2,0,10,0.0
6,11,2,0,9,0.0
6,11,4,0,8,0.0
6,11,3,0,7,0.0
6,11,2,0,6,0.0
6,11,3,0,5,0.0
6,12,3,0,4,0.0
6,12,3,0,3,0.0
6,12,5,0,2,0.0
6,12,2,0,1,0.0
6,12,2,0,0,2.1
6,12,4,0,0,0.1
6,12,3,0,0,4.3
6,12,3,1,0,3.0
6,12,2,3,2,0.0
6,12,2,3,1,0.0
6,12,3,2,0,24.8
6,12,3,1,2,13.9
6,12,4,2,2,10.9
6,13,1,4,1,0.0
6,12,3,2,0,9.4
6,13,2,4,1,0.0
6,12,4,2,0,15.7
6,12,3,2,0,20.2
6,13,2,4,0,15.4
6,12,4,3,0,34.7
6,13,2,5,0,24.6
6,13,4,6,0,29.5
6,13,2,7,0,29.3
6,13,2,9,0,37.6
6,13,5,4,0,54.9
6,13,4,6,0,43.7
6,13,4,8,0,47.1
6,13,2,9,0,42.3
6,13,1,7,0,33.2
6,13,5,9,0,60.6
6,13,1,8,0,43.8
6,13,4,8,0,47.3
6,13,2,9,0,48.7
6,13,2,10,0,53.6
6,13,1,12,0,49.4
6,13,3,13,0,54.6
6,13,5,11,0,66.2
6,14,3,8,0,21.5
6,14,2,6,0,26.1
6,14,5,9,0,63.0
6,15,2,5,0,8.1
6,14,4,5,0,30.3
6,14,4,5,0,29.3
6,15,4,3,3,0.0
6,14,5,9,0,83.4
6,15,1,4,3,0.0
6,15,4,2,3,11.7
6,15,3,3,3,12.9
6,14,5,8,0,100.6
6,16,1,1,4,0.0
6,16,4,1,3,0.0
6,15,6,3,2,67.6
6,16,4,0,4,0.0
6,17,4,1,5,0.0
6,16,6,0,3,16.0
6,17,2,2,7,0.0
6,17,8,1,5,21.8
6,17,2,1,6,0.0
6,17,4,1,5,0.0
6,17,4,1,4,0.0
6,17,4,1,4,0.0
6,17,5,1,7,30.4
6,17,2,0,3,0.0
6,18,2,0,4,0.0
6,18,4,0,4,0.0
6,18,3,0,3,0.0
6,18,3,0,2,0.0
6,18,4,0,4,0.0
6,18,2,0,3,0.0
6,18,6,0,2,0.0
6,18,1,1,1,0.0
6,18,4,0,1,6.5
6,18,2,0,1,0.0
6,18,2,0,0,0.4
6,19,4,0,2,0.0
6,19,4,0,2,0.0
6,19,2,0,3,0.0
6,19,2,0,2,0.0
6,19,4,0,3,0.0
6,19,2,0,3,0.0
6,19,2,0,3,0.0
6,19,2,0,3,0.0
6,19,4,0,4,0.0
6,20,2,0,5,0.0
6,20,2,0,4,0.0
6,20,3,0,4,0.0
6,20,2,0,3,0.0
6,20,2,0,2,0.0
6,20,2,0,1,0.0
6,20,4,0,1,4.1
6,20,4,1,1,6.0
6,20,2,2,2,0.0
6,20,4,1,1,9.8
6,20,2,2,2,0.0
6,20,4,2,1,11.4
6,20,3,1,2,14.0
6,21,4,0,1,5.7
6,21,3,1,2,5.1
6,21,2,2,2,0.0
6,21,2,3,2,0.0
6,21,2,4,1,0.0
6,21,4,2,2,21.5
6,21,5,1,1,36.2
6,21,3,2,1,28.2
6,21,2,5,0,19.8
6,21,4,3,1,28.2
6,21,4,4,0,49.8
6,22,2,5,2,0.0
6,21,6,4,0,35.8
6,21,4,5,0,42.9
6,22,3,5,0,41.8
6,22,4,4,1,17.9
6,22,3,5,1,18.5
6,21,5,6,0,93.1
6,22,6,5,0,84.0
0,11,2,0,12,0.0
0,11,2,0,11,0.0
0,11,3,0,10,0.0
0,11,2,0,9,0.0
0,11,2,0,8,0.0
0,11,4,0,7,0.0
0,12,6,0,7,0.0
0,12,4,0,7,0.0
0,12,2,0,6,0.0
0,12,3,0,7,0.0
0,12,4,0,6,0.0
0,13,2,0,7,0.0
0,13,4,0,6,0.0
0,13,5,0,5,0.0
0,13,3,0,4,0.0
0,13,3,0,3,0.0
0,13,2,0,4,0.0
0,13,4,0,3,6.3
0,13,2,0,6,0.0
0,13,4,0,5,0.0
0,14,2,0,4,0.0
0,14,2,0,5,0.0
0,14,4,0,4,0.0
0,14,4,0,3,0.0
0,14,4,0,4,0.0
0,14,2,0,6,0.0
0,15,2,0,8,0.0
0,15,3,0,7,0.0
0,15,3,0,8,0.0
0,16,5,0,11,0.0
0,16,1,0,10,0.0
0,17,4,0,11,0.0
0,17,2,0,10,0.0
0,17,4,0,9,0.0
0,17,5,0,8,0.0
0,17,4,0,7,0.0
0,17,4,0,6,0.0
0,17,2,0,5,0.0
0,17,4,0,4,0.0
0,17,3,0,5,0.0
0,17,4,0,4,0.0
0,17,4,0,3,0.0
0,17,2,0,2,0.0
0,18,2,0,6,0.0
0,18,4,0,6,0.0
0,18,2,0,5,0.0
0,18,3,0,4,0.0
0,18,2,0,3,0.0
0,18,5,0,3,0.0
0,18,4,0,2,0.0
0,19,2,0,7,0.0
0,19,2,0,6,0.0
0,19,4,0,5,0.0
0,19,7,0,4,0.0
0,19,2,0,3,0.0
0,19,6,0,2,0.0
0,19,1,0,3,0.0
0,19,4,0,4,0.0
0,19,4,0,3,0.0
0,19,4,0,2,0.0
0,19,2,0,2,0.0
0,20,4,0,2,0.0
0,20,2,1,1,0.0
0,20,2,1,4,0.0
0,20,3,1,3,0.0
0,20,3,1,2,3.3
0,20,1,2,3,0.0
0,20,3,2,3,0.0
0,20,8,0,1,44.6
0,20,2,1,2,0.0
0,20,5,1,2,22.0
0,21,2,0,3,0.0
0,21,4,0,2,0.0
0,21,3,0,1,0.0
0,21,2,0,5,0.0
0,21,4,0,4,0.0
0,21,2,0,6,0.0
0,21,3,0,5,0.0
0,22,4,0,8,0.0
0,22,3,0,8,0.0
0,22,5,0,9,0.0
0,22,3,0,9,0.0
1,11,2,0,12,0.0
1,11,2,0,11,0.0
1,11,5,0,10,0.0
1,11,6,0,9,0.0
1,12,6,0,10,0.0
1,12,2,0,9,0.0
1,12,1,1,8,0.0
1,12,4,2,7,0.0
1,12,2,3,6,0.0
1,12,5,0,8,33.4
1,12,6,1,7,12.3
1,13,4,1,5,0.0
1,13,2,2,4,0.0
1,12,5,2,6,27.1
1,13,3,2,4,0.0
1,13,4,3,5,0.0
1,13,2,3,4,0.0
1,13,4,3,4,0.0
1,14,3,3,3,0.0
1,13,5,1,4,66.4
1,13,5,1,4,58.3
1,14,4,3,2,13.2
1,14,4,3,3,4.2
1,14,2,1,3,0.0
1,13,5,2,3,77.9
1,15,6,0,7,10.8
1,15,2,0,10,0.0
1,16,5,0,10,0.0
1,16,4,0,9,0.0
1,16,2,0,8,0.0
1,16,6,0,7,0.0
1,17,2,0,8,0.0
1,17,4,0,8,0.0
1,17,2,0,7,0.0
1,18,5,0,11,0.0
1,18,1,0,11,0.0
1,18,3,0,10,0.0
1,18,2,0,9,0.0
1,18,2,0,8,0.0
1,18,4,0,7,0.0
1,18,3,0,6,0.0
1,19,2,0,5,0.0
1,19,2,0,4,0.0
1,19,4,0,3,0.0
1,19,2,0,3,0.0
1,19,2,0,2,0.0
1,19,5,0,1,0.0
1,19,2,0,1,0.0
1,19,2,0,2,0.0
1,19,2,0,4,0.0
1,19,2,0,4,0.0
1,19,4,0,3,0.0
1,20,3,0,5,0.0
1,20,3,0,6,0.0
1,20,2,0,5,0.0
1,20,3,0,4,0.0
1,20,4,0,3,0.0
1,20,4,0,2,0.0
1,20,2,0,2,0.0
1,20,3,0,2,0.0
1,20,6,0,1,0.0
1,20,4,0,0,1.2
1,20,4,0,0,9.2
1,20,2,2,0,6.5
1,21,2,2,2,0.0
1,20,3,1,0,28.9
1,21,1,1,1,0.0
1,21,6,1,1,17.9
1,21,4,0,3,0.0
1,21,4,0,2,0.0
1,22,3,0,10,0.0
1,22,3,0,11,0.0
1,22,2,0,10,0.0
1,22,3,0,9,0.0
2,11,2,0,12,0.0
2,11,4,0,11,0.0
2,11,4,0,10,0.0
2,11,2,0,9,0.0
2,12,2,0,8,0.0
2,12,2,0,7,0.0
2,12,3,0,6,0.0
2,12,1,0,5,0.0
2,12,4,0,5,0.0
2,12,3,0,6,0.0
2,12,4,0,6,0.0
2,12,4,0,5,0.0
2,12,5,0,4,0.0
2,13,2,0,4,0.0
2,13,2,0,3,0.0
2,13,2,0,4,0.0
2,13,2,0,5,0.0
2,13,7,0,4,0.0
2,13,3,0,3,0.0
2,13,4,0,2,0.0
2,13,4,0,2,0.0
2,13,2,0,1,0.0
2,13,3,0,0,6.1
2,13,3,1,0,5.6
2,13,2,2,0,1.6
2,13,2,1,0,2.3
2,13,6,1,0,19.9
2,14,4,0,0,4.4
2,14,3,0,2,14.2
2,14,3,1,2,13.0
2,14,6,0,4,4.1
2,15,2,0,10,0.0
2,15,5,0,10,0.0
2,15,3,0,9,0.0
2,16,7,0,8,0.0
2,16,2,0,7,0.0
2,16,3,0,8,0.0
2,16,2,0,8,0.0
2,16,2,0,7,0.0
2,17,2,0,8,0.0
2,17,6,0,8,0.0
2,17,5,0,7,0.0
2,17,4,0,8,0.0
2,18,3,0,8,0.0
2,18,3,0,7,0.0
2,18,2,0,7,0.0
2,18,4,0,6,0.0
2,18,2,0,5,0.0
2,18,4,0,4,0.0
2,18,4,0,5,0.0
2,18,4,0,5,0.0
2,18,2,0,5,0.0
2,18,5,0,6,0.0
2,18,3,0,6,0.0
2,18,4,0,5,0.0
2,19,4,0,4,0.0
2,19,2,0,3,0.0
2,19,2,0,2,0.0
2,19,1,0,2,0.0
2,19,3,0,1,0.0
2,19,2,0,2,0.0
2,19,2,0,2,0.0
2,19,2,0,3,0.0
2,19,3,0,2,0.0
2,19,3,0,1,0.0
2,19,5,0,1,0.0
2,20,4,1,5,0.0
2,20,3,1,6,0.0
2,20,4,1,6,0.0
2,20,6,0,4,25.4
2,20,3,0,6,0.0
2,20,2,0,6,0.0
2,20,2,0,5,0.0
2,20,4,0,4,0.0
2,21,3,0,4,0.0
2,21,6,0,8,0.0
2,21,2,0,8,0.0
2,22,3,0,7,0.0
2,22,1,0,8,0.0
2,22,2,0,8,0.0
2,22,2,0,7,0.0
3,11,2,0,12,0.0
3,11,4,0,11,0.0
3,12,4,0,11,0.0
3,12,1,0,10,0.0
3,12,2,0,9,0.0
3,12,2,0,8,0.0
3,12,2,0,7,0.0
3,12,2,0,7,0.0
3,12,4,0,6,0.0
3,12,3,0,5,0.0
3,12,2,0,4,0.0
3,12,3,0,3,0.0
3,12,5,0,2,0.0
3,12,5,0,1,0.0
3,12,3,0,0,2.5
3,12,2,2,1,0.0
3,12,4,1,0,23.0
3,13,2,2,3,0.0
3,12,4,1,1,26.7
3,13,2,1,3,0.0
3,13,1,1,2,0.0
3,13,4,1,1,0.0
3,13,5,2,2,22.5
3,13,2,1,0,5.7
3,13,2,1,0,12.8
3,13,1,7,0,9.2
3,13,4,1,0,22.6
3,13,4,2,0,32.2
3,13,3,4,0,28.2
3,13,2,9,0,12.3
3,13,4,5,0,33.3
3,13,3,7,0,31.4
3,13,3,8,0,36.7
3,13,5,3,0,57.5
3,13,6,6,0,57.7
3,13,3,7,0,53.8
3,13,4,10,0,60.5
3,13,5,8,0,67.9
3,14,3,4,3,7.9
3,14,5,4,2,58.5
3,16,1,1,8,0.0
3,14,6,3,2,91.7
3,16,6,0,9,0.0
3,17,6,0,12,0.0
3,17,7,0,11,0.0
3,17,2,0,10,0.0
3,18,4,1,9,0.0
3,18,3,1,8,0.0
3,18,1,1,7,0.0
3,18,5,1,6,0.0
3,18,2,1,5,0.0
3,18,2,1,4,0.0
3,18,2,1,3,0.0
3,18,3,2,3,0.0
3,18,3,2,2,0.0
3,18,7,0,9,37.8
3,19,4,3,2,0.0
3,19,2,3,1,0.0
3,19,2,3,1,0.0
3,18,5,1,3,36.3
3,19,4,3,3,0.0
3,19,2,3,3,0.0
3,19,3,3,2,0.0
3,19,6,1,1,40.5
3,19,4,2,1,5.2
3,19,2,3,1,0.0
3,19,4,3,1,21.4
3,19,5,2,2,65.5
3,20,2,3,1,0.0
3,20,2,3,0,0.7
3,20,2,3,0,1.9
3,20,4,3,1,24.6
3,19,6,2,2,62.1
3,20,3,3,0,9.7
3,20,2,4,0,17.0
3,20,6,3,1,41.7
3,20,1,2,0,18.6
3,20,3,2,0,8.1
3,21,2,1,1,0.0
3,20,4,3,0,12.1
3,21,2,0,1,0.0
3,21,2,1,3,0.0
3,21,2,1,2,0.0
3,21,4,0,3,15.9
3,21,3,1,1,6.4
3,22,4,0,6,0.0
3,22,2,0,6,0.0
3,22,4,0,8,0.0
3,22,3,0,10,0.0
3,22,3,0,9,0.0
4,11,1,0,12,0.0
4,11,2,0,11,0.0
4,11,4,0,10,0.0
4,12,2,0,9,0.0
4,12,2,0,8,0.0
4,12,2,0,7,0.0
4,12,5,0,6,0.0
4,12,4,0,6,0.0
4,12,2,0,6,0.0
4,12,1,0,6,0.0
4,12,2,0,5,0.0
4,12,3,0,4,0.0
4,12,2,0,3,0.0
4,12,4,0,2,0.0
4,12,1,0,1,0.0
4,12,3,1,2,0.0
4,12,2,1,2,0.0
4,13,2,1,2,0.0
4,13,4,1,3,0.0
4,13,2,2,2,0.0
4,13,4,1,2,0.9
4,13,2,6,1,0.0
4,13,3,3,1,13.1
4,13,6,4,1,16.3
4,13,4,5,1,19.8
4,13,2,6,0,11.8
4,13,2,8,0,3.6
4,12,7,0,1,49.0
4,13,4,7,0,23.6
4,13,3,7,0,33.1
4,14,2,11,1,0.0
4,13,4,7,0,42.8
4,14,2,11,0,2.1
4,13,4,8,0,42.9
4,14,2,9,1,0.0
4,13,5,9,0,42.6
4,13,8,1,1,72.8
4,13,4,7,0,33.3
4,14,2,6,1,0.0
4,13,3,8,0,59.3
4,14,2,7,1,0.0
4,13,3,10,1,62.2
4,14,4,7,0,10.5
4,13,5,9,0,72.6
4,13,7,2,1,161.8
4,14,6,10,1,103.8
4,16,4,2,9,0.0
4,17,2,2,10,0.0
4,17,3,2,9,0.0
4,17,2,2,8,0.0
4,13,8,6,0,233.9
4,17,5,1,7,0.0
4,17,3,1,7,0.0
4,17,5,1,7,0.0
4,17,2,1,6,0.0
4,18,2,2,6,0.0
4,14,7,6,0,212.1
4,18,3,2,6,0.0
4,18,4,2,5,0.0
4,18,6,1,5,23.0
4,18,4,1,5,0.0
4,19,2,1,6,0.0
4,19,2,1,5,0.0
4,18,6,2,5,53.5
4,19,2,0,5,0.0
4,19,1,1,4,0.0
4,19,7,0,4,10.9
4,19,5,1,3,21.7
4,19,3,1,4,0.0
4,19,4,1,3,0.0
4,19,4,1,2,0.0
4,19,3,1,1,0.0
4,19,3,1,0,2.5
4,19,2,1,1,0.0
4,20,2,4,2,0.0
4,20,2,4,1,0.0
4,20,2,5,1,0.0
4,20,4,2,2,30.8
4,20,2,5,0,22.1
4,20,4,3,2,35.4
4,19,5,1,4,62.1
4,19,5,1,1,50.0
4,20,2,7,0,27.0
4,20,4,4,1,43.9
4,20,2,8,0,27.7
4,20,4,6,0,34.2
4,20,3,6,0,21.4
4,20,2,7,0,31.9
4,20,3,8,0,30.9
4,20,2,7,0,21.8
4,20,4,7,0,35.7
4,20,4,8,0,42.2
4,21,2,6,0,36.7
4,21,2,6,0,34.6
4,21,2,4,0,27.4
4,21,2,5,0,20.6
4,21,3,4,0,27.3
4,21,4,3,0,21.8
4,21,2,4,0,21.7
4,21,2,6,0,32.0
4,21,4,5,0,34.8
4,21,2,8,0,26.1
4,21,4,7,0,47.6
4,21,4,8,0,46.0
4,21,4,7,0,34.8
4,22,2,5,0,21.0
4,22,2,3,0,8.5
4,22,2,2,0,1.5
4,22,5,5,0,38.4
4,21,8,6,0,91.7
5,11,2,0,12,0.0
5,11,3,0,11,0.0
5,11,2,0,10,0.0
5,11,4,0,9,0.0
5,11,4,0,8,0.0
5,11,6,0,7,0.0
5,12,4,0,9,0.0
5,12,2,0,8,0.0
5,12,3,0,7,0.0
5,12,2,0,6,0.0
5,12,2,0,5,0.0
5,12,4,0,4,0.0
5,12,3,0,3,0.0
5,12,3,0,2,0.0
5,12,3,0,2,0.0
5,12,2,0,1,0.0
5,13,4,0,3,0.0
5,13,2,2,2,0.0
5,13,2,4,2,0.0
5,13,2,5,1,0.0
5,13,4,0,2,9.1
5,13,4,1,2,8.3
5,13,4,2,1,14.6
5,13,3,3,2,21.7
5,13,5,4,1,20.2
5,13,1,3,0,7.9
5,13,3,3,0,26.3
5,13,3,4,0,41.3
5,13,2,4,0,26.5
5,13,4,3,0,38.8
5,13,2,5,0,24.1
5,14,2,5,0,6.1
5,13,3,2,0,34.1
5,14,2,4,0,2.5
5,13,4,3,0,37.8
5,14,4,6,0,16.6
5,14,4,6,0,19.2
5,14,2,4,0,29.9
5,14,2,4,0,28.9
5,14,2,4,0,25.1
5,14,2,4,0,20.5
5,14,3,5,0,36.8
5,14,2,7,0,12.5
5,14,4,5,0,22.8
5,14,4,6,0,35.1
5,15,3,0,2,0.0
5,16,3,0,7,0.0
5,16,2,0,9,0.0
5,16,4,0,9,0.0
5,16,4,0,8,0.0
5,16,2,0,7,0.0
5,16,2,0,6,0.0
5,16,1,0,6,0.0
5,17,3,0,8,0.0
5,17,3,0,7,0.0
5,17,3,0,6,0.0
5,17,4,0,6,0.0
5,17,3,0,5,0.0
5,17,4,0,5,0.0
5,17,7,0,5,0.0
5,18,4,0,6,0.0
5,18,2,0,7,0.0
5,18,4,0,6,0.0
5,18,4,0,9,0.0
5,18,3,0,9,0.0
5,18,3,0,8,0.0
5,19,4,0,7,0.0
5,19,4,0,6,0.0
5,19,3,0,5,0.0
5,19,1,1,4,0.0
5,19,1,1,3,0.0
5,19,1,1,2,0.0
5,19,2,2,1,0.0
5,19,5,0,4,22.1
5,19,3,1,1,26.8
5,19,2,2,0,29.7
5,19,4,3,0,29.4
5,19,2,5,0,16.8
5,19,2,6,0,11.9
5,19,3,3,0,27.1
5,19,1,6,0,13.4
5,19,5,4,0,29.8
5,20,2,6,0,7.2
5,19,3,7,0,13.0
5,19,5,7,0,25.0
5,20,2,6,0,32.2
5,20,2,7,0,30.2
5,20,2,10,0,22.6
5,20,3,6,0,39.7
5,20,3,8,0,41.1
5,20,2,11,0,32.9
5,20,4,8,0,38.5
5,20,2,14,0,19.7
5,20,6,6,0,58.5
5,20,3,9,0,51.5
5,20,6,8,0,77.0
5,20,2,12,0,36.2
5,21,2,14,0,3.9
5,21,2,13,0,8.4
5,20,4,10,0,79.9
5,20,5,8,0,92.5
5,20,4,12,0,72.9
5,20,4,13,0,78.9
5,20,3,14,0,80.0
5,21,2,14,0,19.8
5,20,4,12,0,69.7
5,20,3,13,0,79.1
5,21,2,11,0,31.1
5,21,2,10,0,19.7
5,22,2,10,0,17.7
5,20,4,14,0,92.3
5,21,3,14,0,96.1
5,22,4,6,0,9.1
5,22,2,8,0,5.9
5,20,5,13,0,126.0
5,20,6,13,0,125.3
5,22,2,7,0,4.5
5,21,5,14,0,151.6
5,21,5,9,0,103.8
5,21,8,14,0,218.7
5,22,5,7,0,116.6
5,22,7,6,0,207.1
6,11,4,0,12,0.0
6,11,5,0,11,0.0
6,11,4,0,10,0.0
6,11,2,0,9,0.0
6,11,3,0,8,0.0
6,12,2,0,7,0.0
6,12,4,0,6,0.0
6,12,4,0,5,0.0
6,12,6,0,5,0.0
6,12,5,0,4,0.0
6,12,6,0,3,0.0
6,12,2,0,4,0.0
6,12,3,1,6,0.0
6,12,2,2,5,0.0
6,12,2,2,4,0.0
6,13,3,3,3,0.0
6,13,4,4,3,0.0
6,12,6,1,5,19.9
6,13,2,3,4,0.0
6,13,6,2,3,19.2
6,13,4,2,3,0.0
6,13,2,2,2,0.0
6,12,7,0,4,49.6
6,13,2,1,1,0.0
6,13,2,1,0,2.5
6,13,2,1,2,0.0
6,14,2,1,6,0.0
6,14,4,1,5,0.0
6,13,5,3,2,90.5
6,14,1,0,4,0.0
6,14,2,0,4,0.0
6,14,4,0,3,0.0
6,14,4,0,3,0.0
6,14,2,0,2,0.0
6,14,3,0,3,0.0
6,15,2,1,2,0.0
6,14,7,0,2,30.3
6,16,6,0,11,0.0
6,16,3,0,10,0.0
6,16,5,0,9,0.0
6,16,4,0,8,0.0
6,17,2,0,7,0.0
6,17,4,0,12,0.0
6,18,5,0,11,0.0
6,18,5,0,10,0.0
6,18,3,0,9,0.0
6,18,5,0,8,0.0
6,18,4,0,7,0.0
6,18,2,0,6,0.0
6,18,3,0,5,0.0
6,18,2,1,4,0.0
6,18,2,1,4,0.0
6,18,4,1,3,0.0
6,19,4,1,2,0.0
6,19,3,1,3,0.0
6,19,2,1,2,0.0
6,19,6,1,2,0.9
6,19,4,1,2,0.0
6,18,8,0,4,34.7
6,19,4,1,1,8.6
6,19,3,0,1,5.1
6,19,4,1,1,6.7
6,19,4,2,2,6.1
6,19,3,0,2,2.8
6,20,1,5,4,0.0
6,20,1,5,3,0.0
6,19,4,1,2,28.6
6,19,4,1,2,30.6
6,19,3,2,3,26.8
6,20,2,2,2,0.0
6,20,4,4,4,23.2
6,20,4,1,1,7.0
6,19,6,3,3,57.6
6,20,5,2,2,20.1
6,20,2,4,2,0.0
6,21,2,5,1,0.0
6,20,4,3,2,29.9
6,21,2,4,0,4.8
6,20,3,4,2,41.7
6,21,2,4,1,0.0
6,20,3,5,2,48.6
6,21,4,4,1,37.5
6,21,4,3,0,5.8
6,21,5,4,0,26.5
6,21,2,1,1,0.0
6,21,2,1,0,1.2
6,22,2,1,5,0.0
6,22,2,1,4,0.0
6,22,2,1,6,0.0
6,22,2,1,7,0.0
6,20,7,3,2,123.7
6,22,6,0,7,0.0
0,11,3,0,12,0.0
0,11,2,0,11,0.0
0,11,2,0,10,0.0
0,12,4,0,9,0.0
0,12,6,0,8,0.0
0,12,4,0,7,0.0
0,12,4,0,7,0.0
0,12,8,0,8,0.0
0,12,3,0,7,0.0
0,12,4,0,6,0.0
0,12,3,0,5,0.0
0,13,2,0,5,0.0
0,13,4,0,4,0.0
0,13,1,0,3,0.0
0,13,4,0,3,0.0
0,13,2,0,3,0.0
0,13,4,0,7,0.0
0,14,4,0,7,0.0
0,14,4,0,9,0.0
0,14,2,0,9,0.0
0,14,4,0,8,0.0
0,14,2,0,8,0.0
0,14,6,0,7,0.0
0,16,3,0,11,0.0
0,16,2,0,11,0.0
0,16,2,0,10,0.0
0,17,5,0,10,0.0
0,17,2,0,9,0.0
0,17,2,0,9,0.0
0,18,2,0,9,0.0
0,18,3,0,9,0.0
0,18,4,0,8,0.0
0,18,1,0,9,0.0
0,18,2,0,9,0.0
0,19,1,0,9,0.0
0,19,1,0,8,0.0
0,19,3,0,7,0.0
0,19,6,0,7,0.0
0,19,4,0,6,0.0
0,19,2,0,5,0.0
0,19,5,0,4,0.0
0,19,4,0,6,0.0
0,20,4,0,6,0.0
0,20,2,0,5,0.0
0,20,4,0,4,0.0
0,20,1,0,3,0.0
0,20,6,0,3,0.0
0,20,4,0,4,0.0
0,20,2,0,3,0.0
0,20,2,0,3,0.0
0,21,3,0,7,0.0
0,21,8,0,7,14.8
0,21,6,0,9,0.0
0,22,2,0,9,0.0
0,22,2,0,8,0.0
0,22,2,0,9,0.0
0,22,2,0,8,0.0
1,11,6,0,12,0.0
1,11,4,0,12,0.0
1,11,2,0,11,0.0
1,11,4,0,10,0.0
1,11,6,0,9,0.0
1,11,4,0,8,0.0
1,12,2,0,7,0.0
1,12,5,0,6,0.0
1,12,8,0,6,0.0
1,12,2,0,7,0.0
1,13,2,0,7,0.0
1,13,4,0,7,0.0
1,13,3,0,7,0.0
1,13,5,0,6,0.0
1,13,2,0,6,0.0
1,13,4,0,6,0.0
1,13,4,0,6,0.0
1,13,3,0,5,0.0
1,13,6,0,4,0.0
1,13,3,0,4,0.0
1,14,2,0,4,0.0
1,14,3,0,4,0.0
1,14,2,0,5,0.0
1,14,2,0,8,0.0
1,15,2,0,9,0.0
1,15,6,0,9,0.0
1,15,4,0,8,0.0
1,16,3,0,10,0.0
1,16,3,0,9,0.0
1,16,2,0,8,0.0
1,17,6,0,11,0.0
1,17,3,0,10,0.0
1,17,8,0,9,0.0
1,17,2,0,9,0.0
1,17,5,0,8,0.0
1,18,4,0,7,0.0
1,18,4,0,6,0.0
1,18,2,0,5,0.0
1,18,1,0,5,0.0
1,18,4,0,5,0.0
1,18,2,0,4,0.0
1,18,3,0,4,0.0
1,19,6,0,5,0.0
1,19,2,0,8,0.0
1,19,4,0,7,0.0
1,19,2,0,6,0.0
1,19,2,0,5,0.0
1,19,2,0,4,0.0
1,19,3,0,3,0.0
1,19,2,0,4,0.0
1,19,3,0,3,0.0
1,19,2,0,3,0.0
1,20,4,0,2,0.0
1,20,3,0,1,0.0
1,20,2,0,2,0.0
1,20,2,0,5,0.0
1,20,2,0,4,0.0
1,20,2,0,3,0.0
1,20,4,0,4,0.0
1,20,2,0,4,0.0
1,20,4,0,4,0.0
1,20,2,0,4,0.0
1,20,6,0,3,0.0
1,21,2,0,2,0.0
1,21,3,0,6,0.0
1,21,4,0,5,0.0
1,21,2,0,6,0.0
1,22,6,0,8,0.0
1,22,3,0,7,0.0
1,22,2,0,7,0.0
1,22,2,0,7,0.0
2,11,4,0,12,0.0
2,12,1,0,11,0.0
2,12,1,0,10,0.0
2,12,2,0,9,0.0
2,12,2,0,8,0.0
2,12,2,0,7,0.0
2,12,2,0,6,0.0
2,13,5,0,7,0.0
2,13,4,0,8,0.0
2,13,2,0,7,0.0
2,13,6,0,7,0.0
2,13,3,0,6,0.0
2,13,4,0,5,0.0
2,13,3,0,4,0.0
2,13,8,0,3,0.0
2,13,4,1,4,0.0
2,14,2,2,4,0.0
2,14,2,2,3,0.0
2,13,3,1,3,15.2
2,14,4,2,2,2.3
2,13,6,0,2,49.3
2,14,6,0,2,4.7
2,14,2,0,2,0.0
2,17,5,0,12,0.0
2,18,2,0,11,0.0
2,18,2,0,10,0.0
2,18,2,0,9,0.0
2,18,4,0,8,0.0
2,19,2,0,11,0.0
2,19,6,0,10,0.0
2,19,4,0,9,0.0
2,19,1,0,8,0.0
2,19,3,0,7,0.0
2,19,5,0,6,0.0
2,19,2,0,5,0.0
2,19,6,0,4,0.0
2,19,2,1,3,0.0
2,19,3,1,2,0.0
2,20,4,1,1,0.0
2,20,2,5,1,0.0
2,20,3,1,0,16.7
2,20,2,4,1,0.0
2,20,3,2,0,21.6
2,19,6,0,3,39.2
2,20,4,4,1,34.2
2,20,2,4,0,16.2
2,20,4,4,0,25.1
2,20,3,3,0,10.0
2,20,5,4,0,24.3
2,20,7,3,0,78.3
2,21,3,3,1,21.1
2,21,2,2,3,0.0
2,21,2,2,5,0.0
2,21,2,2,5,0.0
2,20,6,3,0,56.7
2,21,4,1,5,0.0
2,22,2,1,4,0.0
2,22,4,1,4,0.0
2,21,6,3,2,64.8
2,22,1,1,4,0.0
2,22,5,0,4,41.5
2,22,5,1,6,24.7
3,11,2,0,12,0.0
3,11,4,0,11,0.0
3,11,4,0,10,0.0
3,11,4,0,9,0.0
3,12,4,0,8,0.0
3,12,2,0,7,0.0
3,12,5,0,6,0.0
3,12,4,0,5,0.0
3,12,3,0,4,0.0
3,12,2,0,3,0.0
3,13,4,0,7,0.0
3,13,2,0,6,0.0
3,13,3,0,5,0.0
3,13,5,0,6,0.0
3,13,3,0,8,0.0
3,13,3,0,7,0.0
3,13,4,0,6,0.0
3,13,1,0,5,0.0
3,13,2,0,4,0.0
3,14,2,0,5,0.0
3,14,4,0,4,0.0
3,14,2,0,5,0.0
3,14,2,0,5,0.0
3,14,2,0,4,0.0
3,14,2,0,3,0.0
3,14,2,0,2,0.0
3,14,6,0,2,0.0
3,14,2,0,3,0.0
3,14,4,0,4,0.0
3,14,2,3,4,0.0
3,15,2,3,3,0.0
3,14,6,0,4,41.5
3,14,7,1,4,62.1
3,16,3,1,10,0.0
3,16,2,1,9,0.0
3,16,4,1,8,0.0
3,16,3,1,7,0.0
3,17,2,1,6,0.0
3,14,7,2,4,127.4
3,17,4,0,7,0.0
3,17,2,0,6,0.0
3,18,3,0,9,0.0
3,18,2,0,8,0.0
3,18,2,0,7,0.0
3,18,2,0,6,0.0
3,18,7,0,7,0.0
3,18,3,0,7,0.0
3,18,2,0,7,0.0
3,18,2,0,6,0.0
3,18,4,0,5,0.0
3,19,4,0,5,0.0
3,19,4,0,4,0.0
3,19,3,0,3,0.0
3,19,3,0,2,0.0
3,19,2,1,1,0.0
3,19,4,0,1,15.8
3,19,4,1,1,13.5
3,19,2,3,2,0.0
3,19,1,3,1,0.0
3,19,3,2,2,20.0
3,19,2,4,1,0.0
3,19,4,2,2,23.7
3,19,4,3,0,14.6
3,19,2,4,0,13.6
3,19,6,1,1,43.0
3,20,3,3,0,5.0
3,19,5,3,1,33.3
3,20,2,3,2,0.0
3,20,4,1,0,25.4
3,20,2,2,1,0.0
3,20,4,1,1,17.7
3,20,4,2,2,25.7
3,20,3,1,1,4.7
3,21,2,0,2,0.0
3,21,1,0,1,0.0
3,21,4,0,0,1.5
3,21,2,1,1,0.0
3,21,3,1,0,18.6
3,21,3,0,1,0.0
3,21,2,1,1,0.0
3,21,4,0,1,4.9
3,21,4,1,1,3.2
3,21,2,0,1,0.0
3,21,6,0,0,1.2
3,21,2,1,1,0.0
3,22,3,1,2,0.0
3,21,5,1,0,38.0
3,22,4,0,5,0.0
3,22,2,0,5,0.0
4,11,4,0,12,0.0
4,11,4,0,11,0.0
4,11,1,0,10,0.0
4,12,5,0,9,0.0
4,12,3,0,8,0.0
4,12,2,0,7,0.0
4,12,2,0,6,0.0
4,12,4,0,5,0.0
4,12,3,0,5,0.0
4,12,4,0,4,0.0
4,12,3,0,3,0.0
4,12,4,0,2,0.0
4,12,2,1,1,0.0
4,12,1,1,0,0.8
4,12,1,2,0,9.3
4,12,1,2,0,11.2
4,12,6,0,1,26.5
4,12,4,3,0,24.4
4,12,2,2,0,11.3
4,13,2,3,0,5.4
4,12,4,3,0,13.6
4,13,4,4,0,11.3
4,13,1,3,0,15.5
4,13,2,4,0,16.4
4,13,4,2,1,0.0
4,13,6,4,0,22.2
4,13,2,3,1,0.0
4,13,6,1,1,25.3
4,13,4,1,0,20.6
4,13,3,2,0,12.9
4,14,2,1,1,0.0
4,14,2,3,2,0.0
4,14,1,3,1,0.0
4,13,6,2,1,31.4
4,14,3,1,0,10.4
4,14,4,2,0,10.8
4,14,1,1,0,13.0
4,14,3,1,0,23.2
4,14,4,1,0,7.4
4,15,4,0,11,0.0
4,15,2,0,11,0.0
4,15,4,0,10,0.0
4,16,4,0,9,0.0
4,16,8,0,8,0.0
4,16,3,0,7,0.0
4,17,4,0,9,0.0
4,17,4,0,9,0.0
4,17,2,0,9,0.0
4,17,2,0,8,0.0
4,17,3,0,7,0.0
4,17,6,0,6,0.0
4,18,2,0,5,0.0
4,18,3,0,5,0.0
4,18,2,0,4,0.0
4,18,4,0,7,0.0
4,18,4,0,6,0.0
4,18,4,0,6,0.0
4,18,7,0,5,0.0
4,18,2,0,4,0.0
4,18,6,0,3,0.0
4,18,3,0,4,0.0
4,19,5,0,3,0.0
4,19,2,1,4,0.0
4,19,4,1,3,0.0
4,19,6,0,2,34.8
4,19,3,5,5,0.0
4,19,2,5,4,0.0
4,20,4,6,4,0.0
4,20,2,6,3,0.0
4,20,2,6,4,0.0
4,19,5,1,3,51.8
4,19,7,2,3,48.8
4,20,3,4,3,0.0
4,20,2,4,2,0.0
4,20,3,4,1,0.0
4,20,2,4,0,3.2
4,20,3,4,0,1.2
4,20,1,5,0,2.6
4,20,2,6,0,5.4
4,21,2,8,1,0.0
4,20,3,5,0,10.4
4,19,5,3,4,93.4
4,21,1,6,0,2.2
4,21,2,7,0,2.2
4,19,5,3,4,99.6
4,21,2,9,0,4.7
4,21,4,8,0,7.7
4,19,6,5,3,88.5
4,21,3,4,1,0.0
4,21,3,4,0,4.4
4,21,2,4,0,0.9
4,21,2,4,0,0.5
4,21,4,4,0,8.6
4,21,2,7,0,10.8
4,21,4,5,0,13.2
4,21,3,6,0,14.8
4,22,2,7,1,0.0
4,21,4,8,0,25.0
4,19,8,4,5,168.5
4,22,3,8,0,36.0
4,20,6,4,0,121.2
4,20,6,7,0,114.9
4,22,4,9,0,77.0
4,21,5,8,0,180.1
5,11,4,0,12,0.0
5,11,4,0,11,0.0
5,11,1,0,10,0.0
5,11,2,0,9,0.0
5,12,4,0,11,0.0
5,12,3,0,10,0.0
5,12,2,0,9,0.0
5,12,4,0,8,0.0
5,12,4,0,7,0.0
5,12,2,0,6,0.0
5,12,5,0,5,0.0
5,12,3,0,4,0.0
5,12,3,0,4,0.0
5,12,4,0,3,0.0
5,12,2,0,2,0.0
5,12,2,0,1,0.0
5,12,3,0,0,18.8
5,12,4,1,0,14.0
5,13,1,8,2,0.0
5,13,2,8,1,0.0
5,12,4,2,0,30.8
5,13,4,3,2,23.8
5,13,2,6,0,1.2
5,13,4,2,2,24.6
5,13,2,5,1,0.0
5,13,4,3,2,28.2
5,13,4,5,2,30.8
5,13,5,4,2,36.7
5,13,2,7,0,7.7
5,13,4,6,2,45.9
5,13,4,7,2,52.4
5,13,3,5,0,43.0
5,14,2,9,2,0.0
5,14,2,9,2,0.0
5,13,3,6,0,53.1
5,13,6,5,0,56.0
5,13,3,5,0,46.8
5,13,5,6,0,49.8
5,14,2,8,2,0.0
5,14,4,6,1,51.9
5,14,6,6,0,63.4
5,14,3,6,1,51.8
5,14,3,7,1,54.0
5,14,3,8,2,63.2
5,14,3,8,1,70.2
5,14,3,7,2,54.1
5,14,6,8,2,78.9
5,15,3,7,1,59.0
5,15,3,6,1,54.7
5,15,4,5,2,46.9
5,16,4,3,4,18.7
5,16,2,3,4,0.0
5,16,4,4,4,39.4
5,16,3,3,4,36.7
5,16,4,3,4,32.5
5,16,5,2,3,4.6
5,17,4,0,3,7.8
5,17,2,0,3,0.0
5,17,3,0,3,0.0
5,17,3,0,3,0.0
5,17,3,0,4,0.0
5,17,2,0,3,0.0
5,17,2,0,2,0.0
5,18,2,1,5,0.0
5,18,6,1,6,0.0
5,18,2,2,5,0.0
5,18,2,2,6,0.0
5,18,3,2,5,0.0
5,18,8,0,5,27.5
5,18,4,1,5,0.0
5,18,2,1,4,0.0
5,18,2,1,3,0.0
5,18,4,1,3,0.0
5,18,5,1,2,0.0
5,18,3,1,1,6.1
5,19,2,2,2,0.0
5,19,2,3,1,0.0
5,19,2,3,1,0.0
5,19,6,1,2,17.7
5,19,2,3,0,1.2
5,19,3,2,1,12.3
5,19,3,2,0,7.7
5,19,3,3,0,7.1
5,19,2,3,0,14.1
5,19,2,2,0,19.7
5,19,4,3,0,19.0
5,19,2,4,0,13.1
5,19,6,5,0,16.1
5,20,2,6,0,2.3
5,20,2,6,0,9.1
5,18,8,1,5,109.2
5,20,2,7,0,11.3
5,19,4,6,0,29.6
5,20,3,3,0,19.4
5,20,3,5,0,22.6
5,20,4,7,0,22.5
5,20,2,8,0,31.2
5,20,2,9,0,38.4
5,20,2,7,0,30.7
5,20,2,7,0,34.7
5,20,2,7,0,34.2
5,20,3,8,0,50.1
5,20,5,4,0,63.5
5,20,3,7,0,36.6
5,20,2,10,0,36.5
5,20,3,8,0,50.9
5,20,3,9,0,51.8
5,20,4,9,0,43.9
5,20,2,10,0,39.9
5,20,5,9,0,63.2
5,21,2,9,0,48.1
5,21,2,10,0,56.4
5,21,2,9,0,59.3
5,21,2,13,0,48.3
5,21,3,9,0,57.9
5,21,6,10,0,58.8
5,22,2,6,0,5.5
5,21,4,11,0,73.8
5,21,4,12,0,72.1
5,21,3,14,0,71.7
5,21,6,14,0,69.5
5,22,4,3,0,13.7
5,22,4,1,0,4.3
5,22,7,0,2,72.1
6,11,2,0,12,0.0
6,11,3,0,11,0.0
6,11,5,0,10,0.0
6,11,2,0,10,0.0
6,12,2,0,9,0.0
6,12,2,0,9,0.0
6,12,2,0,9,0.0
6,12,2,0,8,0.0
6,12,1,0,7,0.0
6,12,4,0,6,0.0
6,12,4,0,5,0.0
6,12,1,0,4,0.0
6,12,2,0,4,0.0
6,12,3,0,3,0.0
6,12,1,0,3,0.0
6,13,3,0,2,0.0
6,13,7,0,1,0.0
6,13,2,0,0,11.0
6,13,3,1,0,7.0
6,13,2,2,0,11.0
6,13,6,3,0,16.4
6,13,2,4,0,16.7
6,13,1,3,0,18.0
6,13,3,5,0,17.8
6,13,3,7,0,16.3
6,13,6,4,0,21.4
6,13,2,9,0,19.9
6,13,2,9,0,12.4
6,13,2,8,0,18.6
6,13,5,6,0,55.8
6,13,3,4,0,38.4
6,13,3,5,0,40.7
6,14,3,7,1,14.2
6,14,4,4,2,4.0
6,14,4,5,2,8.5
6,14,4,5,2,7.3
6,13,6,8,0,93.1
6,15,4,3,4,7.0
6,14,6,6,1,65.7
6,15,4,2,4,6.0
6,13,8,8,0,120.5
6,15,2,2,4,0.0
6,15,4,3,4,9.5
6,14,7,5,0,168.0
6,17,4,1,9,0.0
6,17,2,1,10,0.0
6,17,3,1,9,0.0
6,17,2,1,9,0.0
6,16,7,1,5,110.0
6,18,2,0,8,0.0
6,18,3,0,7,0.0
6,18,4,0,6,0.0
6,18,2,0,5,0.0
6,18,2,0,4,0.0
6,18,6,0,4,0.0
6,18,2,0,3,0.0
6,18,3,0,3,0.0
6,18,2,0,2,0.0
6,18,1,0,1,0.0
6,18,2,0,3,0.0
6,18,5,0,2,7.0
6,18,3,1,3,0.0
6,19,4,1,2,0.0
6,19,2,1,1,0.0
6,18,6,1,2,7.3
6,19,2,0,1,0.0
6,19,2,0,0,8.3
6,19,1,1,0,3.6
6,19,3,1,0,5.0
6,19,4,1,0,2.0
6,19,1,1,2,0.0
6,19,2,1,1,0.0
6,19,2,1,4,0.0
6,19,5,1,6,0.0
6,20,1,1,5,0.0
6,19,7,2,0,56.7
6,20,2,0,4,0.0
6,20,4,0,3,0.0
6,20,4,0,5,0.0
6,20,2,0,4,0.0
6,20,2,0,3,0.0
6,20,2,0,5,0.0
6,20,4,0,5,0.0
6,21,2,0,4,0.0
6,21,4,0,3,0.0
6,21,4,0,2,0.0
6,21,2,0,2,0.0
6,21,4,0,2,0.0
6,21,5,0,1,0.0
6,21,4,0,1,3.6
6,21,2,0,3,0.0
6,21,2,0,2,0.0
6,21,3,0,1,0.0
6,22,8,0,2,3.0
6,22,2,0,2,0.0
6,22,2,0,1,0.0
6,22,2,0,0,1.1
6,22,2,0,0,4.6
6,22,3,1,0,3.6
6,22,2,2,0,7.0
6,22,4,0,3,0.0
6,22,4,0,3,0.0
6,22,2,0,3,0.0
0,11,4,0,12,0.0
0,12,4,0,11,0.0
0,12,8,0,10,0.0
0,12,4,0,9,0.0
0,12,2,0,8,0.0
0,12,2,1,7,0.0
0,12,2,1,6,0.0
0,12,2,1,5,0.0
0,12,6,1,4,0.0
0,12,2,1,3,0.0
0,12,2,1,2,0.0
0,12,4,1,1,0.0
0,12,2,2,2,0.0
0,12,3,3,2,0.0
0,13,2,5,3,0.0
0,13,4,5,5,0.0
0,12,8,0,7,87.2
0,13,3,5,5,0.0
0,13,4,5,4,0.0
0,12,6,1,1,54.0
0,13,3,4,5,0.0
0,13,4,4,4,0.0
0,13,2,4,3,0.0
0,14,2,4,3,0.0
0,12,6,2,1,75.2
0,14,2,7,6,0.0
0,13,5,4,3,122.5
0,15,2,6,8,0.0
0,13,8,3,1,152.5
0,14,6,4,2,122.6
0,14,6,4,3,114.6
0,16,2,3,9,0.0
0,13,7,4,5,175.6
0,16,2,2,8,0.0
0,17,3,2,7,0.0
0,17,2,2,7,0.0
0,17,4,2,7,0.0
0,17,4,2,8,0.0
0,14,7,5,5,199.6
0,17,4,2,8,0.0
0,18,4,2,7,0.0
0,18,4,2,6,0.0
0,18,1,2,6,0.0
0,18,1,2,5,0.0
0,18,4,3,5,0.0
0,18,5,3,5,0.0
0,14,8,6,6,247.6
0,19,2,2,8,0.0
0,19,4,2,7,0.0
0,19,2,2,7,0.0
0,19,3,2,6,0.0
0,20,2,2,9,0.0
0,20,1,2,8,0.0
0,20,2,2,8,0.0
0,20,5,2,7,0.0
0,20,5,2,6,0.0
0,20,2,2,5,0.0
0,20,2,2,5,0.0
0,20,2,2,4,0.0
0,20,2,2,3,0.0
0,20,2,2,3,0.0
0,21,2,2,3,0.0
0,21,1,2,2,0.0
0,17,8,2,7,199.3
0,21,2,1,5,0.0
0,21,5,1,7,0.0
0,22,5,1,10,0.0
0,22,2,1,9,0.0
0,22,2,1,8,0.0
0,18,8,2,4,278.8
1,11,4,0,12,0.0
1,11,7,0,11,0.0
1,11,2,0,10,0.0
1,11,2,0,9,0.0
1,11,4,0,8,0.0
1,11,4,0,7,0.0
1,11,1,0,6,0.0
1,12,4,0,5,0.0
1,12,2,0,4,0.0
1,12,6,0,4,0.0
1,12,4,0,4,0.0
1,12,5,0,4,0.0
1,12,2,0,3,0.0
1,12,2,0,3,0.0
1,12,4,0,3,0.0
1,12,2,0,4,0.0
1,13,4,0,4,0.0
1,13,2,0,3,0.0
1,13,2,0,2,0.0
1,13,5,0,1,6.6
1,13,4,0,3,0.0
1,13,6,0,4,0.0
1,13,2,0,4,0.0
1,13,2,0,3,0.0
1,13,5,0,3,0.0
1,14,2,0,4,0.0
1,14,2,0,3,0.0
1,14,2,0,3,0.0
1,14,3,0,5,0.0
1,14,2,0,6,0.0
1,14,2,0,5,0.0
1,15,5,0,6,0.0
1,15,7,0,10,0.0
1,15,3,0,10,0.0
1,16,4,0,9,0.0
1,16,2,0,9,0.0
1,17,4,0,9,0.0
1,17,2,0,8,0.0
1,17,2,0,9,0.0
1,17,5,0,8,0.0
1,17,2,0,8,0.0
1,17,2,0,7,0.0
1,18,6,0,6,0.0
1,18,2,0,5,0.0
1,18,6,0,8,0.0
1,18,3,0,9,0.0
1,19,4,0,10,0.0
1,19,1,0,11,0.0
1,19,2,0,10,0.0
1,20,3,0,9,0.0
1,20,2,0,8,0.0
1,20,2,0,7,0.0
1,20,2,0,7,0.0
1,20,4,0,7,0.0
1,20,4,0,6,0.0
1,20,3,0,5,0.0
1,20,2,0,4,0.0
1,21,2,0,8,0.0
1,21,2,0,8,0.0
1,21,3,0,9,0.0
1,21,3,0,9,0.0
1,22,2,0,9,0.0
2,11,4,0,12,0.0
2,11,4,0,11,0.0
2,11,2,0,10,0.0
2,11,4,0,9,0.0
2,12,4,0,8,0.0
2,12,2,0,8,0.0
2,12,2,0,7,0.0
2,12,2,0,6,0.0
2,12,3,0,5,0.0
2,12,2,0,4,0.0
2,12,3,0,3,0.0
2,12,4,0,3,0.0
2,12,4,0,2,0.0
2,12,5,0,2,0.0
2,12,2,2,3,0.0
2,13,4,2,4,0.0
2,13,2,2,3,0.0
2,13,2,2,2,0.0
2,12,6,0,1,42.0
2,13,3,1,4,0.0
2,13,4,1,3,0.0
2,12,7,1,3,50.0
2,13,4,0,2,0.0
2,13,2,0,4,0.0
2,13,4,0,5,0.0
2,14,4,0,4,0.0
2,14,2,0,3,0.0
2,14,4,0,2,12.5
2,14,5,1,2,7.2
2,14,2,0,5,0.0
2,14,4,0,6,0.0
2,15,2,0,6,0.0
2,15,4,0,10,0.0
2,15,1,0,10,0.0
2,16,2,0,10,0.0
2,16,2,0,9,0.0
2,16,2,0,9,0.0
2,16,3,0,8,0.0
2,17,3,0,8,0.0
2,17,2,0,8,0.0
2,17,4,0,10,0.0
2,17,2,0,9,0.0
2,17,3,0,8,0.0
2,18,4,0,7,0.0
2,18,4,0,7,0.0
2,18,2,0,8,0.0
2,18,1,0,7,0.0
2,18,4,0,6,0.0
2,18,4,0,5,0.0
2,18,2,0,4,0.0
2,18,4,0,6,0.0
2,18,2,0,5,0.0
2,19,2,0,5,0.0
2,19,3,0,5,0.0
2,19,4,0,4,0.0
2,19,4,0,4,0.0
2,19,8,0,4,0.0
2,19,4,0,3,0.0
2,19,3,0,5,0.0
2,19,2,0,4,0.0
2,19,3,0,3,0.0
2,19,4,0,2,8.5
2,20,3,1,3,5.1
2,20,2,0,3,0.0
2,20,2,0,2,0.0
2,20,1,0,2,0.0
2,20,1,0,3,0.0
2,20,1,0,2,0.0
2,20,1,0,2,0.0
2,20,2,0,1,0.0
2,20,2,0,0,2.0
2,20,3,0,0,5.2
2,20,3,1,0,8.2
2,20,2,1,0,4.6
2,20,2,2,0,9.8
2,20,2,3,0,16.3
2,20,2,2,0,15.0
2,21,2,1,0,10.4
2,21,4,2,0,10.8
2,21,1,2,0,3.6
2,21,3,2,0,2.3
2,21,3,0,2,0.0
2,21,4,0,3,0.0
2,21,4,0,2,0.0
2,21,6,0,3,4.2
2,22,2,0,4,0.0
2,22,1,0,3,0.0
2,22,2,0,2,0.0
2,22,2,0,6,0.0
2,22,3,0,6,0.0
2,22,4,0,5,0.0
2,22,5,0,5,0.0
3,11,3,0,12,0.0
3,11,2,0,11,0.0
3,11,4,0,10,0.0
3,11,2,0,9,0.0
3,12,2,0,8,0.0
3,12,5,0,7,0.0
3,12,6,0,6,0.0
3,12,4,0,5,0.0
3,12,4,0,7,0.0
3,12,2,0,6,0.0
3,12,3,0,5,0.0
3,12,3,0,4,0.0
3,12,6,0,3,0.0
3,12,2,0,2,0.0
3,13,1,0,7,0.0
3,13,4,0,7,0.0
3,13,2,0,6,0.0
3,13,6,0,6,0.0
3,13,2,0,5,0.0
3,13,4,0,4,0.0
3,13,2,0,4,0.0
3,14,4,0,5,0.0
3,14,1,0,5,0.0
3,14,2,0,4,0.0
3,14,4,0,4,0.0
3,14,1,0,3,0.0
3,14,2,0,2,0.0
3,14,3,0,1,0.0
3,14,2,0,4,0.0
3,14,2,0,5,0.0
3,14,3,0,6,0.0
3,15,4,0,6,0.0
3,15,2,0,5,0.0
3,15,6,0,9,0.0
3,16,2,0,10,0.0
3,16,2,0,9,0.0
3,16,2,0,8,0.0
3,17,5,0,9,0.0
3,17,3,0,9,0.0
3,17,4,0,9,0.0
3,17,4,0,10,0.0
3,18,3,0,9,0.0
3,18,3,0,8,0.0
3,18,1,0,8,0.0
3,18,2,0,7,0.0
3,18,4,0,6,0.0
3,18,1,0,5,0.0
3,18,8,0,4,0.0
3,18,2,0,3,0.0
3,18,5,0,2,0.0
3,18,5,0,2,0.0
3,18,2,0,1,0.0
3,18,2,0,0,13.0
3,18,2,1,0,5.3
3,18,2,2,0,24.3
3,19,4,1,0,14.4
3,19,2,2,0,11.8
3,19,3,3,0,10.4
3,19,3,1,0,6.9
3,19,2,2,3,0.0
3,19,6,1,1,15.5
3,19,2,1,6,0.0
3,19,3,1,5,0.0
3,20,4,1,7,0.0
3,20,2,1,6,0.0
3,20,6,1,5,0.0
3,20,3,1,6,0.0
3,20,2,1,5,0.0
3,20,4,1,5,0.0
3,20,2,1,4,0.0
3,20,4,1,3,0.0
3,20,5,1,2,0.0
3,19,8,1,1,82.3
3,20,2,1,2,0.0
3,21,3,2,3,0.0
3,21,4,2,2,0.0
3,21,4,2,1,8.0
3,21,4,3,2,2.3
3,21,6,1,3,47.1
3,20,8,0,1,67.2
3,21,6,3,1,38.7
3,22,4,2,7,0.0
3,22,4,2,8,0.0
3,21,5,3,3,113.9
3,21,5,4,4,114.2
4,11,5,0,12,0.0
4,11,2,0,11,0.0
4,11,4,0,10,0.0
4,11,5,0,9,0.0
4,11,6,0,8,0.0
4,12,2,0,8,0.0
4,12,1,0,7,0.0
4,12,3,0,6,0.0
4,12,2,3,5,0.0
4,12,2,3,4,0.0
4,12,1,4,4,0.0
4,12,6,0,5,22.8
4,12,2,3,3,0.0
4,12,4,3,2,0.0
4,12,4,3,1,0.0
4,12,2,9,1,0.0
4,13,2,10,0,3.1
4,12,4,3,0,11.8
4,12,8,1,5,46.4
4,12,5,3,4,40.1
4,13,2,10,2,0.0
4,13,2,10,1,0.0
4,12,3,4,0,39.7
4,12,4,5,0,39.0
4,12,4,6,0,46.8
4,12,3,7,0,44.4
4,13,2,12,1,0.0
4,12,4,8,1,58.5
4,12,3,9,0,59.1
4,14,2,11,0,7.3
4,13,3,9,0,72.7
4,14,2,10,1,0.0
4,12,7,2,5,122.4
4,13,3,10,0,88.7
4,14,2,8,2,0.0
4,13,4,9,2,94.5
4,13,4,10,0,81.3
4,13,4,10,1,66.0
4,13,6,9,0,81.0
4,14,3,10,0,57.8
4,13,6,9,1,76.1
4,15,3,2,3,13.4
4,13,8,8,0,104.4
4,15,3,1,6,0.0
4,16,2,2,7,0.0
4,13,6,11,1,149.7
4,16,2,1,7,0.0
4,16,3,1,6,0.0
4,15,8,1,5,51.5
4,16,3,1,7,0.0
4,17,2,1,9,0.0
4,17,3,1,8,0.0
4,16,7,0,7,62.8
4,17,3,0,9,0.0
4,18,4,0,8,0.0
4,18,3,0,7,0.0
4,18,5,0,6,0.0
4,18,1,0,5,0.0
4,18,3,0,4,0.0
4,18,1,0,3,0.0
4,18,4,0,2,0.0
4,18,2,0,1,0.0
4,18,4,1,2,0.0
4,18,3,1,2,0.0
4,19,4,3,6,0.0
4,18,6,0,1,41.9
4,19,2,2,6,0.0
4,19,3,2,5,0.0
4,19,2,2,5,0.0
4,19,4,2,4,0.0
4,19,4,2,3,0.0
4,19,5,1,3,44.0
4,19,2,1,2,0.0
4,19,5,2,3,52.5
4,19,3,2,1,9.3
4,20,2,1,1,0.0
4,20,2,1,2,0.0
4,20,2,1,1,0.0
4,20,4,2,0,8.2
4,20,4,3,0,29.4
4,20,4,4,0,31.4
4,19,5,1,1,67.7
4,20,3,4,2,11.7
4,20,3,5,2,14.5
4,20,6,1,0,47.1
4,21,2,1,4,0.0
4,21,3,2,3,10.6
4,21,2,0,3,0.0
4,21,3,0,2,1.3
4,21,2,2,2,0.0
4,21,4,1,2,8.9
4,21,5,1,2,18.7
4,21,4,0,4,0.0
4,21,1,0,5,0.0
4,22,6,0,11,0.0
5,11,3,0,12,0.0
5,11,4,0,11,0.0
5,11,6,0,10,0.0
5,11,4,0,9,0.0
5,11,2,0,8,0.0
5,11,3,0,7,0.0
5,11,2,0,7,0.0
5,11,5,0,6,0.0
5,11,2,0,5,0.0
5,11,6,0,4,0.0
5,12,2,4,7,0.0
5,12,2,4,6,0.0
5,12,4,5,5,0.0
5,12,4,9,5,0.0
5,12,5,0,4,31.7
5,12,4,8,4,0.0
5,12,2,8,3,0.0
5,12,4,9,3,0.0
5,12,1,9,2,0.0
5,12,5,1,6,41.1
5,12,3,8,1,0.0
5,13,2,9,0,0.6
5,13,3,8,0,5.1
5,13,4,9,0,5.8
5,13,2,8,0,1.2
5,13,2,11,1,0.0
5,12,6,2,6,80.5
5,13,4,9,0,18.8
5,13,1,12,0,0.0
5,13,4,9,0,26.5
5,12,6,3,7,92.3
5,12,6,4,5,92.0
5,13,3,10,0,36.1
5,13,3,10,0,27.2
5,13,3,11,0,27.3
5,13,2,12,0,23.8
5,13,2,11,0,30.0
5,13,2,12,0,28.9
5,13,4,11,0,51.2
5,13,2,13,0,44.9
5,13,2,14,0,43.9
5,14,3,10,0,30.3
5,14,3,9,0,18.1
5,14,1,8,0,8.3
5,12,6,5,5,143.4
5,12,6,6,5,150.9
5,14,3,10,0,38.3
5,15,4,4,2,0.0
5,12,6,8,5,173.3
5,15,1,4,6,0.0
5,15,3,4,6,0.0
5,12,6,8,3,212.5
5,15,5,4,0,79.2
5,12,7,7,5,230.2
5,16,2,1,8,0.0
5,16,3,1,7,0.0
5,16,4,1,6,0.0
5,16,3,1,5,0.0
5,17,2,3,5,0.0
5,17,2,3,4,0.0
5,17,4,3,4,0.0
5,17,1,3,3,0.0
5,15,6,4,1,131.6
5,17,4,2,2,0.0
5,17,4,2,1,3.2
5,17,5,1,4,44.7
5,17,2,2,1,0.0
5,17,3,1,1,4.4
5,17,5,2,5,44.5
5,17,2,0,0,15.3
5,18,2,2,0,8.6
5,18,2,2,0,1.8
5,17,4,1,0,23.7
5,18,4,2,0,1.9
5,18,2,2,0,1.3
5,18,4,2,4,0.0
5,18,7,3,0,47.9
5,18,2,1,5,0.0
5,19,4,2,4,0.0
5,19,2,2,4,0.0
5,19,2,2,4,0.0
5,18,6,1,2,34.8
5,19,2,1,4,0.0
5,19,4,2,3,0.0
5,19,2,2,2,0.0
5,19,2,2,1,0.0
5,19,2,2,0,5.4
5,19,2,4,0,11.7
5,19,3,3,0,14.0
5,18,5,1,4,59.9
5,19,5,1,3,36.2
5,19,2,5,0,14.3
5,19,3,7,0,18.7
5,19,5,4,0,27.0
5,20,2,6,0,8.7
5,19,3,6,0,17.5
5,20,2,7,0,14.3
5,20,4,8,0,13.1
5,20,2,9,0,24.7
5,20,2,10,0,23.9
5,20,4,9,0,41.3
5,20,2,10,0,34.5
5,20,3,10,0,43.4
5,20,1,10,0,31.1
5,20,6,5,0,63.2
5,20,4,9,0,47.2
5,19,8,6,0,82.5
5,20,2,11,0,51.5
5,20,1,12,0,51.8
5,20,2,13,0,52.3
5,20,2,14,0,61.4
5,20,6,10,0,85.4
5,20,3,14,0,60.2
5,21,2,11,0,20.0
5,21,2,10,0,21.8
5,20,3,14,0,64.4
5,21,4,13,0,68.0
5,20,6,14,0,91.2
5,21,4,13,0,71.1
5,20,5,13,0,84.1
5,21,3,13,0,71.2
5,21,3,10,0,61.4
5,21,2,10,0,50.2
5,21,2,11,0,47.0
5,21,2,12,0,48.7
5,19,8,5,0,164.5
5,21,4,12,0,54.5
5,22,2,3,0,10.3
5,22,3,3,0,15.3
5,22,6,2,0,34.6
5,22,7,10,0,122.5
6,11,2,0,12,0.0
6,11,4,0,11,0.0
6,11,3,0,10,0.0
6,11,4,0,9,0.0
6,11,4,0,8,0.0
6,11,2,0,7,0.0
6,11,3,0,6,0.0
6,11,2,0,5,0.0
6,11,4,0,4,0.0
6,11,4,0,3,0.0
6,12,4,0,5,0.0
6,12,2,0,5,0.0
6,12,4,0,6,0.0
6,12,3,0,5,0.0
6,12,2,0,4,0.0
6,12,4,0,3,0.0
6,12,4,1,3,0.0
6,12,2,2,2,0.0
6,12,4,1,2,7.4
6,12,2,3,1,0.0
6,12,5,0,2,17.3
6,12,4,2,1,18.3
6,13,2,3,0,9.2
6,12,4,2,1,37.3
6,12,4,3,0,40.4
6,13,2,9,0,11.2
6,13,2,11,0,9.8
6,13,4,4,0,30.6
6,13,2,7,0,9.5
6,13,4,6,0,39.6
6,13,5,4,0,52.3
6,13,4,7,0,49.4
6,13,2,9,0,28.1
6,13,5,5,0,64.3
6,13,2,10,0,34.1
6,13,2,9,0,24.4
6,13,4,8,0,61.3
6,14,1,8,0,9.6
6,13,3,10,0,65.3
6,14,2,4,1,0.0
6,13,3,8,0,73.3
6,14,2,3,0,1.6
6,14,2,3,0,2.6
6,13,7,5,0,118.1
6,13,6,10,0,87.4
6,15,4,3,0,23.2
6,14,6,3,1,48.0
6,15,3,0,8,0.0
6,16,2,0,7,0.0
6,16,2,0,6,0.0
6,16,2,1,5,0.0
6,16,6,0,5,13.7
6,16,5,0,7,0.0
6,17,2,0,7,0.0
6,17,2,0,9,0.0
6,17,2,0,8,0.0
6,17,6,0,7,0.0
6,17,3,0,6,0.0
6,17,4,0,6,0.0
6,18,2,0,6,0.0
6,18,3,0,5,0.0
6,18,3,1,5,0.0
6,18,2,1,4,0.0
6,18,2,1,4,0.0
6,18,8,0,5,11.2
6,18,2,0,3,0.0
6,18,2,0,3,0.0
6,18,4,0,2,0.0
6,18,3,0,3,0.0
6,18,1,0,2,0.0
6,19,3,0,3,0.0
6,19,2,0,2,0.0
6,19,2,0,1,0.0
6,19,3,0,0,4.5
6,19,3,1,1,5.3
6,19,4,0,2,1.4
6,19,2,0,2,0.0
6,19,4,0,1,4.4
6,19,4,0,2,0.0
6,19,2,0,1,0.0
6,19,3,0,0,1.1
6,19,3,1,0,10.7
6,19,2,1,0,14.0
6,19,2,4,0,12.1
6,19,5,2,0,21.9
6,19,2,5,0,18.3
6,19,1,4,0,15.1
6,19,3,3,0,37.3
6,20,3,4,0,25.7
6,20,2,5,0,30.5
6,20,1,6,0,34.0
6,20,3,5,0,37.9
6,20,1,7,0,39.7
6,20,2,7,0,35.6
6,20,4,8,0,49.0
6,20,3,7,0,31.1
6,20,3,8,0,34.6
6,20,4,10,0,33.3
6,20,2,13,0,35.9
6,20,3,11,0,45.7
6,20,1,13,0,35.8
6,20,5,8,0,72.6
6,20,5,9,0,60.9
6,20,3,13,0,59.9
6,20,2,14,0,47.8
6,21,2,14,0,37.4
6,20,4,13,0,68.4
6,21,2,8,0,15.3
6,20,4,13,0,69.1
6,20,5,11,0,92.2
6,21,1,7,0,26.2
6,20,3,13,0,91.0
6,21,4,14,0,93.7
6,21,5,13,0,101.5
6,22,4,5,0,45.0
6,20,7,12,0,135.0
6,22,4,5,0,18.5
6,22,5,6,0,48.9
6,22,6,5,0,96.3
0,11,4,0,12,0.0
0,11,1,0,11,0.0
0,11,4,0,10,0.0
0,11,4,0,9,0.0
0,12,2,0,8,0.0
0,12,6,0,7,0.0
0,12,2,0,6,0.0
0,12,6,0,5,0.0
0,12,3,0,4,0.0
0,12,2,0,3,0.0
0,12,6,0,2,0.0
0,12,4,1,3,0.0
0,12,4,1,2,0.0
0,13,4,2,4,0.0
0,12,5,0,2,31.6
0,13,2,1,4,0.0
0,13,4,1,3,0.0
0,13,2,2,2,0.0
0,13,2,3,1,0.0
0,12,6,1,2,18.5
0,13,3,1,2,17.5
0,13,2,1,2,0.0
0,13,3,2,1,27.3
0,13,5,0,2,0.0
0,13,3,0,2,1.5
0,13,3,1,2,5.2
0,13,4,0,2,21.3
0,13,3,1,2,21.7
0,14,2,1,3,0.0
0,13,3,2,2,34.3
0,14,3,1,2,4.7
0,15,3,0,10,0.0
0,15,3,0,11,0.0
0,16,2,0,10,0.0
0,16,5,0,9,0.0
0,16,4,0,8,0.0
0,17,4,0,10,0.0
0,17,4,0,10,0.0
0,18,4,0,11,0.0
0,18,2,0,10,0.0
0,18,6,0,9,0.0
0,18,8,0,8,0.0
0,18,2,0,7,0.0
0,18,2,0,6,0.0
0,18,5,0,5,0.0
0,18,2,0,4,0.0
0,19,2,0,5,0.0
0,19,2,0,4,0.0
0,19,2,0,3,0.0
0,19,2,0,2,0.0
0,19,1,0,1,0.0
0,19,2,4,2,0.0
0,19,3,0,0,14.5
0,19,4,1,0,15.4
0,19,4,3,1,14.9
0,19,4,2,1,20.5
0,19,6,2,0,36.3
0,19,3,3,2,19.8
0,19,4,1,2,1.2
0,20,2,1,2,0.0
0,20,3,0,2,3.5
0,20,3,1,1,2.0
0,20,4,0,4,0.0
0,20,4,0,4,0.0
0,21,6,0,9,0.0
0,21,4,0,8,0.0
0,21,4,0,8,0.0
0,21,7,0,7,0.0
0,21,4,0,6,0.0
0,21,6,0,5,0.0
0,21,2,0,4,0.0
0,22,2,0,3,0.0
0,22,2,0,4,0.0
0,22,2,0,6,0.0
0,22,4,0,8,0.0
1,11,1,0,12,0.0
1,11,4,0,11,0.0
1,11,2,0,10,0.0
1,11,2,0,9,0.0
1,12,3,0,9,0.0
1,12,4,0,8,0.0
1,12,3,0,7,0.0
1,12,4,0,8,0.0
1,12,2,0,7,0.0
1,12,4,0,6,0.0
1,12,2,0,5,0.0
1,13,6,0,6,0.0
1,13,3,0,5,0.0
1,13,1,0,4,0.0
1,13,7,0,3,0.0
1,13,3,0,2,0.0
1,13,2,0,1,0.0
1,13,4,2,4,0.0
1,13,3,2,5,0.0
1,14,4,2,4,0.0
1,14,2,3,4,0.0
1,14,4,3,4,0.0
1,13,5,1,3,42.4
1,14,4,2,4,0.0
1,14,1,2,7,0.0
1,14,2,2,6,0.0
1,13,8,0,2,101.0
1,15,2,1,6,0.0
1,15,4,1,6,0.0
1,15,4,1,7,0.0
1,15,3,1,6,0.0
1,16,2,1,10,0.0
1,16,3,1,9,0.0
1,14,8,2,4,154.5
1,16,2,0,8,0.0
1,17,3,0,9,0.0
1,17,2,0,10,0.0
1,18,1,0,10,0.0
1,18,3,0,10,0.0
1,18,2,0,10,0.0
1,18,2,0,9,0.0
1,18,2,0,8,0.0
1,19,6,0,7,0.0
1,19,4,0,6,0.0
1,19,4,0,5,0.0
1,19,4,0,4,0.0
1,19,4,0,4,0.0
1,19,4,0,3,0.0
1,19,3,0,2,0.0
1,19,4,0,4,0.0
1,19,2,0,3,0.0
1,19,4,0,3,4.0
1,20,2,1,3,0.0
1,20,2,1,2,0.0
1,20,2,2,1,0.0
1,20,4,1,1,15.1
1,20,4,1,2,0.0
1,20,2,1,1,0.0
1,20,5,1,3,32.6
1,20,2,1,0,9.0
1,20,1,1,0,6.1
1,20,4,1,0,6.6
1,20,4,1,0,5.9
1,20,2,2,0,1.8
1,20,2,0,0,1.8
1,21,1,0,4,0.0
1,21,5,0,6,0.0
1,21,4,0,8,0.0
1,21,4,0,9,0.0
1,22,2,0,8,0.0
1,22,5,0,10,0.0
2,12,3,0,12,0.0
2,12,3,0,11,0.0
2,12,2,0,10,0.0
2,12,4,0,9,0.0
2,12,2,0,8,0.0
2,12,1,0,7,0.0
2,12,2,0,6,0.0
2,12,2,0,5,0.0
2,12,3,0,5,0.0
2,13,3,0,5,0.0
2,13,3,0,5,0.0
2,13,1,0,5,0.0
2,13,2,0,4,0.0
2,13,4,0,4,0.0
2,13,6,0,3,0.0
2,13,3,0,3,0.0
2,13,4,0,3,0.0
2,13,2,0,3,0.0
2,13,1,0,3,0.0
2,13,3,0,2,0.0
2,14,4,0,7,0.0
2,14,2,0,6,0.0
2,14,4,0,8,0.0
2,15,1,0,12,0.0
2,15,4,0,11,0.0
2,15,5,0,10,0.0
2,15,2,0,9,0.0
2,16,6,0,10,0.0
2,17,3,0,11,0.0
2,17,1,0,10,0.0
2,17,3,0,9,0.0
2,18,3,0,10,0.0
2,18,1,0,9,0.0
2,18,6,0,9,0.0
2,18,2,0,8,0.0
2,18,5,0,7,0.0
2,18,2,0,7,0.0
2,18,4,0,6,0.0
2,19,4,0,5,0.0
2,19,4,0,8,0.0
2,19,3,0,7,0.0
2,19,1,0,6,0.0
2,19,4,0,5,0.0
2,19,3,0,4,0.0
2,19,2,0,3,0.0
2,19,3,0,2,0.0
2,19,2,0,2,0.0
2,19,4,0,1,3.0
2,19,3,0,1,6.1
2,20,4,1,1,7.1
2,20,3,2,1,7.0
2,20,4,2,1,5.3
2,20,2,0,1,0.0
2,20,4,0,0,5.8
2,20,2,1,0,3.0
2,20,3,0,0,2.1
2,20,1,0,1,0.0
2,20,2,0,2,0.0
2,21,5,0,3,0.0
2,21,2,0,4,0.0
2,21,4,0,4,0.0
2,21,5,0,8,0.0
2,21,1,0,7,0.0
2,22,1,0,8,0.0
3,11,2,0,12,0.0
3,11,3,0,11,0.0
3,11,4,0,10,0.0
3,11,1,0,9,0.0
3,11,3,0,8,0.0
3,12,2,0,10,0.0
3,12,4,0,9,0.0
3,12,2,0,8,0.0
3,12,2,0,7,0.0
3,12,6,0,7,0.0
3,12,2,0,6,0.0
3,12,1,0,6,0.0
3,12,3,0,5,0.0
3,12,6,0,5,0.0
3,12,3,0,4,0.0
3,13,5,0,3,0.0
3,13,2,0,3,0.0
3,13,2,0,4,0.0
3,13,2,0,3,0.0
3,13,4,0,4,0.0
3,13,4,0,3,0.0
3,13,1,0,3,0.0
3,13,2,0,4,0.0
3,13,2,0,3,0.0
3,13,2,0,3,0.0
3,13,6,0,2,0.0
3,13,4,0,1,0.0
3,14,3,0,0,12.7
3,14,3,0,1,3.5
3,14,2,0,1,0.0
3,14,2,0,4,0.0
3,14,3,0,5,0.0
3,14,3,0,5,0.0
3,15,2,0,6,0.0
3,15,6,0,7,0.0
3,15,3,0,8,0.0
3,17,3,0,12,0.0
3,17,3,0,11,0.0
3,17,4,0,10,0.0
3,17,6,0,9,0.0
3,17,2,0,8,0.0
3,18,2,0,8,0.0
3,18,4,0,7,0.0
3,18,2,0,6,0.0
3,18,2,0,5,0.0
3,18,4,0,5,0.0
3,18,3,0,5,0.0
3,18,5,0,6,0.0
3,18,5,0,5,0.0
3,18,3,0,5,0.0
3,18,2,0,5,0.0
3,19,3,0,5,0.0
3,19,3,0,4,0.0
3,19,6,1,6,0.2
3,19,3,1,7,0.0
3,19,2,1,7,0.0
3,20,2,3,6,0.0
3,20,2,3,5,0.0
3,20,3,3,4,0.0
3,20,1,3,3,0.0
3,19,8,0,4,48.4
3,20,4,2,3,0.0
3,19,6,1,6,19.4
3,20,2,1,2,0.0
3,20,2,1,1,0.0
3,20,3,2,0,12.6
3,20,5,2,6,42.0
3,20,2,5,2,0.0
3,20,2,5,1,0.0
3,20,4,3,0,27.9
3,20,3,4,0,37.5
3,20,2,6,0,8.5
3,20,4,5,0,43.6
3,20,4,5,1,42.1
3,21,1,5,1,0.0
3,21,4,3,1,4.2
3,20,5,1,0,81.8
3,21,4,4,1,21.6
3,20,6,4,0,49.5
3,21,2,4,0,17.5
3,21,4,5,0,21.9
3,21,2,3,0,7.7
3,21,2,4,0,9.5
3,21,4,2,0,12.3
3,21,3,4,0,20.7
3,21,4,5,0,20.6
3,22,1,1,2,0.0
3,22,3,1,1,3.0
3,22,6,1,5,0.0
3,22,2,1,4,0.0
3,20,8,5,0,122.0
4,11,2,0,12,0.0
4,11,2,0,11,0.0
4,11,5,0,10,0.0
4,11,2,0,9,0.0
4,11,2,0,8,0.0
4,12,2,0,7,0.0
4,12,2,0,6,0.0
4,12,2,0,5,0.0
4,12,4,0,6,0.0
4,12,4,0,5,0.0
4,12,5,0,4,0.0
4,12,4,0,3,0.0
4,12,1,0,2,0.0
4,12,2,1,2,0.0
4,12,2,3,1,0.0
4,12,3,0,1,12.5
4,12,4,1,1,11.4
4,12,2,3,0,8.8
4,12,2,4,0,13.6
4,12,2,3,0,16.6
4,13,4,3,0,13.6
4,13,3,3,3,0.0
4,12,6,2,1,59.1
4,12,6,3,0,63.8
4,13,6,2,0,34.0
4,13,3,0,5,0.0
4,14,2,0,6,0.0
4,14,4,0,7,0.0
4,14,2,0,6,0.0
4,14,6,0,5,1.5
4,14,4,0,5,0.0
4,14,4,0,6,0.0
4,15,2,0,8,0.0
4,15,2,0,8,0.0
4,15,3,0,8,0.0
4,15,4,0,7,0.0
4,15,3,0,6,0.0
4,15,2,0,5,0.0
4,15,4,0,4,0.0
4,15,2,0,4,0.0
4,15,6,0,4,0.0
4,15,4,0,4,0.0
4,16,2,0,3,0.0
4,16,4,0,9,0.0
4,16,6,0,10,0.0
4,17,3,0,10,0.0
4,17,4,0,9,0.0
4,17,2,0,8,0.0
4,17,3,0,7,0.0
4,17,4,0,6,0.0
4,17,4,0,5,0.0
4,17,3,0,4,0.0
4,17,2,0,4,0.0
4,18,1,0,3,0.0
4,18,2,0,4,0.0
4,18,3,0,3,0.0
4,18,4,0,4,0.0
4,18,3,0,4,0.0
4,18,6,0,3,0.0
4,18,4,0,3,0.0
4,18,4,0,5,0.0
4,18,7,0,4,0.0
4,19,2,0,3,0.0
4,19,2,0,2,0.0
4,19,2,0,1,0.0
4,19,3,0,0,2.4
4,19,3,0,0,2.8
4,19,2,2,0,3.2
4,19,4,1,0,15.9
4,19,3,3,0,15.5
4,19,2,4,0,17.3
4,19,2,5,0,14.4
4,19,4,5,0,33.2
4,19,1,8,0,28.1
4,19,1,10,0,29.1
4,19,5,0,0,43.0
4,19,1,11,0,37.0
4,19,6,6,0,42.3
4,19,4,7,0,42.4
4,19,4,9,0,50.6
4,19,4,8,0,40.1
4,19,2,9,0,40.5
4,19,2,10,0,31.3
4,20,2,10,0,33.3
4,19,3,10,0,52.9
4,20,1,11,0,38.1
4,20,4,8,0,49.5
4,20,2,12,0,46.5
4,20,4,9,0,54.5
4,20,4,11,0,46.3
4,20,5,11,0,51.1
4,20,2,13,0,50.5
4,20,2,11,0,42.6
4,20,2,12,0,45.6
4,20,1,12,0,46.8
4,20,4,13,0,51.5
4,20,2,14,0,44.9
4,20,5,12,0,76.3
4,20,4,13,0,50.9
4,20,2,14,0,48.5
4,20,2,14,0,60.3
4,20,5,14,0,86.7
4,20,4,12,0,61.3
4,21,2,12,0,63.3
4,21,3,13,0,69.8
4,21,2,12,0,61.6
4,21,3,13,0,61.0
4,21,2,12,0,61.4
4,21,2,12,0,57.2
4,21,5,11,0,57.1
4,21,3,10,0,43.1
4,21,4,10,0,35.8
4,21,6,10,0,42.2
4,22,3,10,0,41.8
4,22,2,10,0,46.4
4,22,2,10,0,43.3
4,22,2,7,0,27.0
4,22,3,4,0,17.0
4,22,7,4,0,55.2
5,11,3,0,12,0.0
5,11,2,0,12,0.0
5,11,4,0,11,0.0
5,12,2,0,10,0.0
5,12,2,0,10,0.0
5,12,6,0,9,0.0
5,12,4,0,8,0.0
5,12,6,0,7,0.0
5,12,4,0,6,0.0
5,12,2,0,5,0.0
5,12,4,0,4,0.0
5,12,3,0,3,0.0
5,12,4,0,2,0.0
5,13,3,1,2,0.0
5,13,2,1,1,0.0
5,13,2,2,2,0.0
5,13,2,2,1,0.0
5,13,2,2,0,0.7
5,13,5,1,2,22.1
5,13,2,2,0,6.9
5,12,7,0,1,50.5
5,13,2,2,0,11.3
5,13,2,0,0,0.8
5,13,3,0,1,0.0
5,14,2,0,3,0.0
5,14,4,0,5,0.0
5,14,1,0,6,0.0
5,14,4,0,7,0.0
5,14,4,0,6,0.0
5,14,1,0,6,0.0
5,14,4,0,5,0.0
5,15,2,0,6,0.0
5,15,3,0,8,0.0
5,15,3,0,9,0.0
5,15,2,0,8,0.0
5,15,2,0,7,0.0
5,16,1,0,6,0.0
5,16,4,0,9,0.0
5,16,4,0,11,0.0
5,17,6,0,10,0.0
5,17,4,0,9,0.0
5,17,1,0,8,0.0
5,17,2,0,7,0.0
5,17,2,0,6,0.0
5,17,2,0,5,0.0
5,17,4,0,4,0.0
5,17,2,0,6,0.0
5,18,7,0,6,0.0
5,18,2,0,6,0.0
5,18,4,0,6,0.0
5,18,4,0,6,0.0
5,18,2,1,6,0.0
5,18,4,1,5,0.0
5,18,2,1,4,0.0
5,18,2,1,5,0.0
5,18,4,1,4,0.0
5,18,4,1,3,0.0
5,19,2,1,4,0.0
5,19,6,2,3,0.0
5,19,2,2,3,0.0
5,19,2,2,2,0.0
5,19,4,2,2,0.0
5,19,4,2,1,0.0
5,19,3,2,0,7.6
5,18,8,0,5,76.4
5,19,1,3,0,15.1
5,19,3,4,0,31.1
5,19,2,6,0,22.0
5,19,1,7,0,8.1
5,20,2,7,0,6.8
5,20,2,9,0,2.5
5,19,6,4,0,44.6
5,19,4,5,0,39.0
5,19,3,5,0,38.4
5,19,3,6,0,33.3
5,20,4,6,0,32.2
5,20,3,7,0,38.2
5,20,2,9,0,33.6
5,20,2,10,0,35.2
5,20,2,9,0,18.4
5,20,4,9,0,55.1
5,19,7,1,3,116.9
5,20,4,9,0,47.5
5,20,5,8,0,72.7
5,20,2,11,0,25.9
5,20,4,10,0,51.9
5,20,3,10,0,48.8
5,20,4,10,0,42.2
5,20,2,12,0,35.2
5,21,2,9,0,5.7
5,20,4,14,0,35.5
5,21,2,5,1,0.0
5,21,4,9,0,40.1
5,21,6,10,0,64.4
5,22,3,3,4,0.0
5,22,4,3,6,0.0
5,22,5,3,6,0.0
5,20,8,7,0,150.1
5,22,2,3,6,0.0
5,22,6,3,5,52.7
5,20,7,8,0,210.3
5,20,7,13,0,236.7
6,11,3,0,12,0.0
6,11,2,0,11,0.0
6,11,6,0,10,0.0
6,12,6,0,10,0.0
6,12,2,0,9,0.0
6,12,2,0,8,0.0
6,12,2,0,7,0.0
6,12,6,0,6,0.0
6,12,4,0,5,0.0
6,12,2,0,4,0.0
6,12,1,0,3,0.0
6,12,2,0,2,0.0
6,12,4,0,2,0.0
6,12,2,0,1,0.0
6,12,3,0,1,3.1
6,13,3,0,3,0.0
6,13,1,0,3,0.0
6,13,3,0,3,0.0
6,13,2,0,2,0.0
6,13,3,0,1,2.9
6,13,3,1,1,4.9
6,13,2,1,3,0.0
6,13,2,1,2,0.0
6,13,6,1,1,15.5
6,13,4,0,1,0.0
6,13,1,3,0,0.6
6,13,3,1,0,5.4
6,13,4,2,0,10.3
6,14,2,3,1,0.0
6,13,4,2,0,7.6
6,14,4,2,1,0.0
6,13,5,0,0,35.3
6,14,2,3,0,6.6
6,14,2,3,0,4.2
6,14,4,2,0,26.3
6,14,4,2,0,30.4
6,14,2,4,0,18.8
6,14,2,4,0,17.0
6,14,3,4,0,19.4
6,15,4,1,4,0.0
6,13,7,2,0,115.6
6,16,3,0,9,0.0
6,16,2,0,9,0.0
6,16,6,0,8,0.0
6,16,3,0,8,0.0
6,16,2,0,7,0.0
6,16,6,0,6,0.0
6,17,2,0,6,0.0
6,17,2,0,5,0.0
6,17,4,0,8,0.0
6,17,6,0,7,0.0
6,17,4,0,6,0.0
6,17,4,0,5,0.0
6,18,3,0,4,0.0
6,18,5,0,3,0.0
6,18,2,0,5,0.0
6,18,4,0,4,0.0
6,18,1,1,3,0.0
6,18,3,0,3,1.3
6,18,3,0,2,18.4
6,18,3,1,2,19.0
6,18,3,1,3,7.9
6,19,2,2,3,0.0
6,19,1,2,2,0.0
6,18,3,2,3,10.0
6,19,2,4,1,0.0
6,18,8,1,3,32.2
6,19,3,1,1,7.8
6,19,4,2,1,7.9
6,19,3,3,1,12.1
6,19,2,2,1,0.0
6,19,2,3,0,2.3
6,19,1,4,0,6.4
6,19,3,1,1,28.6
6,19,4,2,1,30.9
6,19,4,2,0,22.5
6,19,2,8,0,8.9
6,19,3,4,0,35.1
6,19,4,6,0,38.8
6,19,4,7,0,40.0
6,19,6,5,0,49.7
6,20,2,9,2,0.0
6,20,2,9,2,0.0
6,20,2,9,1,0.0
6,19,4,9,0,59.9
6,19,3,7,0,56.7
6,19,5,6,0,74.7
6,20,4,8,0,68.2
6,20,2,9,0,24.8
6,20,2,11,0,23.0
6,20,3,9,1,60.5
6,20,4,10,1,62.4
6,19,5,9,0,98.1
6,20,2,11,0,44.5
6,20,5,9,0,99.6
6,20,4,9,1,83.1
6,20,3,10,0,67.6
6,21,1,13,0,48.2
6,21,1,13,0,23.5
6,20,5,10,0,81.7
6,21,3,12,0,69.3
6,22,2,9,0,3.7
6,21,3,13,0,76.6
6,21,3,13,0,85.0
6,22,2,10,2,0.0
6,21,3,13,0,84.4
6,21,4,12,0,80.6
6,21,5,11,0,113.3
6,21,5,13,0,93.6
6,21,4,13,0,77.8
6,22,6,7,2,44.8
6,22,4,8,2,54.0
6,22,4,9,2,55.5
6,22,5,9,2,100.2
6,21,8,12,0,158.8
0,11,6,0,12,0.0
0,11,4,0,11,0.0
0,11,4,0,10,0.0
0,11,2,0,9,0.0
0,11,2,0,8,0.0
0,11,3,0,7,0.0
0,12,4,0,6,0.0
0,12,3,0,6,0.0
0,12,4,0,8,0.0
0,12,6,0,7,0.0
0,13,5,0,8,0.0
0,13,3,0,8,0.0
0,13,4,0,7,0.0
0,13,4,0,7,0.0
0,13,4,0,6,0.0
0,13,2,0,6,0.0
0,13,4,0,5,0.0
0,13,6,0,5,0.0
0,13,2,0,4,0.0
0,13,6,0,3,0.0
0,14,2,0,4,0.0
0,14,2,0,3,0.0
0,14,5,0,2,0.0
0,14,2,0,1,0.0
0,14,4,0,0,10.2
0,14,2,0,1,0.0
0,15,6,0,6,1.3
0,16,1,0,11,0.0
0,16,2,0,11,0.0
0,17,3,0,11,0.0
0,17,1,0,10,0.0
0,17,3,0,10,0.0
0,18,2,0,9,0.0
0,18,1,0,8,0.0
0,18,5,0,7,0.0
0,18,2,0,6,0.0
0,18,2,0,7,0.0
0,18,5,0,6,0.0
0,18,4,0,5,0.0
0,18,4,0,4,0.0
0,19,4,0,6,0.0
0,19,6,0,5,0.0
0,19,2,0,4,0.0
0,19,2,0,3,0.0
0,19,3,0,5,0.0
0,19,2,0,4,0.0
0,19,2,0,3,0.0
0,19,5,0,2,0.0
0,19,2,0,1,0.0
0,19,2,0,4,0.0
0,20,6,0,3,0.0
0,20,2,0,2,0.0
0,20,6,0,1,9.4
0,20,4,0,2,0.0
0,20,2,0,2,0.0
0,20,4,0,1,0.0
0,20,3,0,3,0.0
0,20,2,1,4,0.0
0,20,3,0,2,8.0
0,20,5,0,3,13.7
0,21,6,0,5,0.0
0,21,2,0,4,0.0
0,21,2,0,3,0.0
0,21,4,0,2,0.0
0,21,2,0,5,0.0
0,21,2,0,4,0.0
0,21,4,0,4,0.0
0,21,2,0,3,0.0
0,21,5,0,2,0.0
0,21,2,0,3,0.0
0,22,2,2,6,0.0
0,22,4,2,6,0.0
0,22,5,0,2,44.0
0,22,5,1,2,43.0
1,11,1,0,12,0.0
1,11,2,0,11,0.0
1,11,1,0,10,0.0
1,12,3,0,10,0.0
1,12,2,0,9,0.0
1,12,1,0,9,0.0
1,12,2,0,9,0.0
1,12,2,0,8,0.0
1,12,2,0,7,0.0
1,12,6,0,6,0.0
1,12,2,0,6,0.0
1,12,4,0,6,0.0
1,12,4,0,5,0.0
1,13,3,0,4,0.0
1,13,3,0,4,0.0
1,13,4,0,4,0.0
1,13,5,0,6,0.0
1,13,3,0,5,0.0
1,13,5,0,4,26.6
1,14,3,2,9,0.0
1,13,6,1,4,41.5
1,13,5,2,5,38.1
1,14,3,0,8,0.0
1,14,5,0,7,34.3
1,16,4,0,12,0.0
1,16,3,0,11,0.0
1,16,3,0,10,0.0
1,17,7,0,9,0.0
1,17,4,0,8,0.0
1,17,2,0,8,0.0
1,17,4,0,7,0.0
1,17,3,0,6,0.0
1,17,2,1,6,0.0
1,18,2,1,7,0.0
1,18,4,1,6,0.0
1,18,6,1,6,0.0
1,18,6,1,5,0.0
1,18,2,1,6,0.0
1,17,7,0,6,54.0
1,18,3,0,6,0.0
1,18,2,0,6,0.0
1,18,1,0,5,0.0
1,19,2,0,4,0.0
1,19,2,0,3,0.0
1,19,4,0,3,0.0
1,19,3,0,3,0.0
1,19,2,1,2,0.0
1,19,3,0,2,7.9
1,19,3,0,3,0.0
1,20,3,0,6,0.0
1,20,4,0,5,0.0
1,20,4,0,4,0.0
1,20,2,1,7,0.0
1,20,2,2,7,0.0
1,20,5,0,6,12.6
1,20,2,2,6,0.0
1,20,2,2,5,0.0
1,20,6,1,7,15.1
1,21,2,2,4,0.0
1,21,4,2,4,0.0
1,20,5,2,6,35.3
1,21,1,1,3,0.0
1,21,2,1,3,0.0
1,21,2,2,2,0.0
1,21,4,2,2,0.0
1,21,4,2,1,6.7
1,22,3,2,3,4.3
1,21,6,1,4,58.4
1,21,5,1,2,41.3
1,22,3,0,4,0.0
1,22,3,0,5,0.0
1,22,2,0,5,0.0
2,11,4,0,12,0.0
2,11,4,0,11,0.0
2,12,4,0,11,0.0
2,12,7,0,10,0.0
2,12,2,0,9,0.0
2,12,4,0,8,0.0
2,12,3,0,7,0.0
2,12,5,0,6,0.0
2,12,3,0,5,0.0
2,12,3,0,6,0.0
2,12,4,0,5,0.0
2,12,2,0,4,0.0
2,13,4,0,4,0.0
2,13,2,0,3,0.0
2,13,3,0,2,0.0
2,13,2,0,3,0.0
2,13,6,0,2,0.0
2,13,4,1,2,0.0
2,13,3,1,1,0.1
2,13,2,3,5,0.0
2,13,1,3,4,0.0
2,13,4,3,3,0.0
2,13,3,4,2,0.0
2,14,3,4,2,0.0
2,13,6,1,3,33.2
2,14,4,4,1,1.0
2,14,2,4,1,0.0
2,14,4,4,1,0.0
2,13,7,0,2,61.5
2,14,1,3,1,0.0
2,13,6,2,3,66.0
2,14,3,3,2,6.7
2,14,3,4,2,6.2
2,14,2,2,2,0.0
2,13,6,3,2,88.2
2,15,2,1,4,0.0
2,15,2,2,4,0.0
2,14,6,4,1,86.6
2,15,5,1,3,14.1
2,16,4,1,8,0.0
2,16,2,1,8,0.0
2,15,5,2,3,45.2
2,16,6,0,8,0.0
2,16,4,0,7,0.0
2,17,6,0,9,0.0
2,17,2,0,9,0.0
2,18,6,0,8,0.0
2,18,4,0,7,0.0
2,18,2,0,6,0.0
2,18,3,0,8,0.0
2,18,2,0,7,0.0
2,18,2,0,6,0.0
2,18,3,0,6,0.0
2,18,4,0,5,0.0
2,18,4,0,4,0.0
2,18,4,0,3,0.0
2,18,3,0,2,0.0
2,19,2,0,1,0.0
2,19,2,0,0,2.9
2,19,1,1,0,2.5
2,19,1,0,1,0.0
2,19,2,0,1,0.0
2,19,2,0,1,0.0
2,19,4,0,1,0.0
2,19,2,0,2,0.0
2,19,3,0,1,0.0
2,19,4,0,0,7.0
2,19,2,0,1,0.0
2,19,3,0,0,1.8
2,19,2,0,0,1.1
2,20,2,0,2,0.0
2,20,6,0,1,0.0
2,20,2,0,0,0.0
2,20,3,0,1,0.0
2,20,2,0,0,1.0
2,20,2,0,0,3.2
2,20,4,0,1,0.0
2,20,4,0,0,12.8
2,20,1,1,2,0.0
2,20,3,1,1,0.0
2,20,2,5,1,0.0
2,20,2,5,0,1.0
2,20,2,5,1,0.0
2,20,4,2,0,10.7
2,20,3,3,0,24.4
2,20,8,0,1,43.6
2,20,6,1,0,39.6
2,20,5,4,0,38.4
2,21,2,5,1,0.0
2,20,4,4,0,37.4
2,21,3,5,0,28.4
2,21,3,4,0,39.0
2,21,3,5,1,40.4
2,21,3,5,1,40.4
2,22,2,3,3,0.0
2,22,2,3,3,0.0
2,21,3,3,3,39.4
2,21,3,4,3,34.6
2,22,4,5,3,45.8
2,22,4,2,2,21.9
2,22,5,2,2,12.3
3,11,3,0,12,0.0
3,11,2,0,11,0.0
3,11,5,0,10,0.0
3,12,2,0,9,0.0
3,12,2,0,9,0.0
3,12,2,0,8,0.0
3,12,4,0,7,0.0
3,12,3,0,7,0.0
3,12,4,0,7,0.0
3,12,2,0,6,0.0
3,12,1,0,6,0.0
3,13,2,0,5,0.0
3,13,1,0,4,0.0
3,13,3,0,5,0.0
3,13,8,0,4,0.0
3,13,4,0,3,0.0
3,13,2,0,2,0.0
3,13,1,0,4,0.0
3,13,3,0,3,0.0
3,13,4,0,3,0.0
3,13,4,0,5,0.0
3,13,2,0,4,0.0
3,14,4,0,3,0.0
3,14,2,0,2,0.0
3,14,4,0,1,0.0
3,14,3,0,3,0.0
3,14,3,0,2,0.0
3,14,2,0,6,0.0
3,15,4,0,10,0.0
3,15,2,0,10,0.0
3,15,4,0,9,0.0
3,16,3,0,9,0.0
3,17,5,0,12,0.0
3,17,2,0,11,0.0
3,18,2,0,10,0.0
3,18,5,0,9,0.0
3,18,2,0,8,0.0
3,18,2,0,7,0.0
3,18,5,0,6,0.0
3,18,2,0,5,0.0
3,18,4,0,4,0.0
3,18,2,0,3,0.0
3,18,2,0,2,0.0
3,18,3,0,2,0.0
3,19,2,4,2,0.0
3,18,3,0,1,10.0
3,19,1,4,1,0.0
3,19,2,6,1,0.0
3,18,4,1,1,19.0
3,19,3,3,2,17.7
3,19,4,4,1,20.4
3,19,6,2,1,27.7
3,19,4,4,0,12.6
3,19,6,5,0,38.3
3,19,3,3,1,17.4
3,19,1,2,3,0.0
3,19,8,4,0,45.3
3,19,2,3,2,0.0
3,20,2,4,1,0.0
3,19,3,1,2,22.8
3,19,3,3,1,28.0
3,20,4,4,0,25.4
3,20,3,5,0,26.5
3,20,4,6,0,30.4
3,20,2,8,4,0.0
3,20,3,6,1,21.6
3,20,3,7,1,25.4
3,20,2,8,3,0.0
3,19,7,3,1,95.3
3,20,4,8,2,48.7
3,21,2,9,2,0.0
3,20,4,7,4,47.7
3,20,4,7,3,45.7
3,20,4,8,3,50.9
3,20,4,9,2,48.4
3,21,1,6,3,0.0
3,20,6,6,1,87.7
3,20,5,7,3,74.7
3,21,3,9,2,51.6
3,21,3,9,1,56.5
3,19,8,2,2,154.6
3,22,6,3,4,25.4
3,20,7,8,2,204.5
4,11,2,0,12,0.0
4,11,4,0,11,0.0
4,11,3,0,10,0.0
4,11,5,0,9,0.0
4,11,2,0,8,0.0
4,11,3,0,7,0.0
4,11,2,0,6,0.0
4,12,2,0,5,0.0
4,12,2,0,5,0.0
4,12,2,0,4,0.0
4,12,4,0,3,0.0
4,12,2,0,3,0.0
4,12,3,0,4,0.0
4,12,3,0,4,0.0
4,12,6,0,3,0.0
4,12,1,0,2,0.0
4,12,4,0,2,0.0
4,12,2,0,1,0.0
4,12,2,0,0,2.1
4,12,3,1,1,0.0
4,12,2,1,0,1.2
4,13,2,2,0,4.4
4,13,3,1,0,21.6
4,13,2,3,0,20.4
4,13,2,5,0,11.9
4,13,3,4,0,25.3
4,13,2,6,0,9.0
4,13,4,4,0,29.4
4,13,4,7,0,21.0
4,12,7,0,1,56.1
4,13,5,6,0,34.2
4,13,1,7,0,15.5
4,13,6,7,0,39.7
4,13,2,8,0,22.6
4,13,4,7,0,30.0
4,13,4,8,0,30.0
4,13,2,6,0,23.5
4,13,4,7,0,25.8
4,13,2,8,0,25.9
4,13,4,9,0,36.0
4,14,2,6,0,12.5
4,14,4,10,0,44.4
4,14,2,5,1,0.0
4,14,2,5,0,0.7
4,14,4,7,0,36.2
4,15,2,6,1,0.0
4,14,4,5,0,29.5
4,14,4,5,0,19.3
4,13,8,6,0,113.7
4,15,4,4,0,2.8
4,15,1,3,6,0.0
4,15,6,5,1,60.5
4,16,2,3,8,0.0
4,16,6,2,7,28.5
4,16,2,2,8,0.0
4,16,2,2,7,0.0
4,13,7,7,0,192.2
4,16,2,1,7,0.0
4,17,6,1,6,0.0
4,17,4,1,5,0.0
4,17,3,1,4,0.0
4,17,2,1,4,0.0
4,17,3,1,4,0.0
4,17,3,1,4,0.0
4,17,5,1,3,11.3
4,18,2,1,5,0.0
4,13,7,9,0,280.1
4,18,3,1,6,0.0
4,18,3,1,5,0.0
4,18,4,1,4,0.0
4,18,1,3,3,0.0
4,18,4,1,3,22.9
4,18,5,3,2,15.6
4,18,3,3,2,19.2
4,19,2,6,4,0.0
4,19,2,6,3,0.0
4,19,2,7,2,0.0
4,18,3,4,2,33.2
4,18,4,5,2,29.7
4,19,1,5,1,0.0
4,19,4,6,2,26.4
4,19,3,6,2,26.2
4,18,8,1,5,95.0
4,19,2,5,0,17.2
4,19,3,4,0,6.4
4,19,2,5,0,14.2
4,19,1,4,0,13.1
4,19,6,5,2,61.3
4,19,2,4,0,20.9
4,20,1,5,0,12.5
4,20,1,3,0,11.8
4,19,3,5,0,28.1
4,20,2,4,0,19.5
4,18,7,2,3,105.4
4,20,1,5,0,28.5
4,20,2,5,0,26.7
4,20,2,7,0,24.7
4,20,4,6,0,33.9
4,20,1,8,0,31.4
4,20,2,9,0,36.5
4,20,3,9,0,43.4
4,20,1,8,0,32.8
4,20,4,7,0,28.3
4,21,2,7,2,0.0
4,20,3,7,0,33.6
4,21,4,5,0,21.0
4,20,5,6,0,55.7
4,20,8,8,0,82.5
4,20,5,6,0,71.3
4,21,4,6,1,60.1
4,22,2,5,3,0.0
4,21,4,6,2,53.5
4,21,4,5,1,48.3
4,22,3,5,2,16.6
4,21,6,5,1,49.5
4,22,4,3,4,0.0
4,22,2,3,3,0.0
4,21,8,6,1,83.5
4,22,6,5,2,56.3
4,22,5,3,2,32.5
4,22,7,3,4,97.1
5,11,2,0,12,0.0
5,11,8,0,11,0.0
5,11,2,0,10,0.0
5,11,1,0,10,0.0
5,11,2,0,10,0.0
5,11,3,0,9,0.0
5,12,2,0,8,0.0
5,12,3,0,7,0.0
5,12,2,0,6,0.0
5,12,3,0,5,0.0
5,12,3,0,5,0.0
5,12,6,0,4,0.0
5,12,4,0,3,0.0
5,12,3,0,2,0.0
5,12,2,0,2,0.0
5,12,3,0,2,0.0
5,12,4,0,3,0.0
5,13,4,0,3,0.0
5,13,2,0,2,0.0
5,13,4,1,2,0.0
5,13,3,2,3,0.0
5,13,2,2,3,0.0
5,13,3,2,3,0.0
5,13,4,2,3,0.0
5,13,8,0,1,38.0
5,13,4,1,3,0.0
5,13,1,1,2,0.0
5,13,2,1,3,0.0
5,14,3,1,4,0.0
5,14,2,1,3,0.0
5,14,5,1,2,0.0
5,14,2,1,2,0.0
5,14,3,1,1,0.0
5,14,2,1,2,0.0
5,14,2,1,1,0.0
5,14,4,1,0,1.1
5,14,2,1,1,0.0
5,14,2,1,2,0.0
5,14,3,1,1,0.0
5,15,2,2,2,0.0
5,13,8,1,1,111.1
5,15,4,1,6,0.0
5,15,4,1,6,0.0
5,15,2,1,6,0.0
5,15,3,1,7,0.0
5,16,4,1,6,0.0
5,16,2,1,5,0.0
5,16,4,1,5,0.0
5,14,7,1,0,86.7
5,16,5,0,6,0.0
5,16,4,0,7,0.0
5,17,4,0,6,0.0
5,17,8,0,6,2.8
5,17,5,0,7,0.0
5,17,5,0,6,7.1
5,17,2,1,7,0.0
5,17,2,1,6,0.0
5,17,2,1,6,0.0
5,18,3,2,5,0.0
5,18,4,2,5,0.0
5,18,1,2,4,0.0
5,18,3,2,3,0.0
5,18,4,2,2,0.0
5,18,5,1,5,25.5
5,18,2,1,3,0.0
5,17,8,0,7,73.3
5,18,2,0,6,0.0
5,18,4,0,5,0.0
5,18,3,0,4,0.0
5,19,6,0,3,0.0
5,19,2,0,2,0.0
5,19,2,2,2,0.0
5,19,4,2,2,0.0
5,19,4,2,1,9.3
5,19,6,0,1,18.9
5,19,6,1,1,19.3
5,19,4,3,1,11.1
5,19,1,5,1,0.0
5,19,2,5,0,8.3
5,19,4,4,1,27.3
5,19,4,5,1,29.6
5,19,2,6,0,5.1
5,19,4,4,1,46.6
5,19,6,6,1,57.3
5,19,2,7,0,32.7
5,19,1,8,0,28.0
5,20,2,11,0,11.9
5,19,3,8,0,35.8
5,19,6,5,1,60.3
5,19,3,9,0,42.7
5,19,5,6,0,61.1
5,20,2,7,0,17.4
5,20,4,9,0,46.2
5,20,2,9,0,16.8
5,20,3,10,0,49.2
5,20,4,12,0,62.6
5,20,3,12,0,60.0
5,21,2,8,0,16.5
5,21,2,9,0,17.0
5,20,4,8,0,59.2
5,19,5,7,0,108.1
5,20,4,9,0,66.7
5,20,4,8,0,47.6
5,21,2,9,0,11.4
5,21,1,9,0,7.3
5,20,4,8,0,49.9
5,21,3,7,0,54.6
5,21,3,10,0,55.8
5,21,4,10,0,49.2
5,22,1,8,0,1.4
5,21,6,9,0,61.3
5,21,4,9,0,74.4
5,21,4,8,0,61.3
5,21,4,8,0,65.1
5,21,5,10,0,80.9
5,21,5,9,0,73.3
5,22,5,8,0,89.4
6,11,2,0,12,0.0
6,11,3,0,11,0.0
6,11,4,0,10,0.0
6,11,3,0,9,0.0
6,12,3,0,9,0.0
6,12,2,0,8,0.0
6,12,2,0,7,0.0
6,12,1,0,6,0.0
6,12,3,0,5,0.0
6,12,5,0,6,0.0
6,12,2,0,5,0.0
6,12,2,0,4,0.0
6,12,3,0,3,0.0
6,12,4,0,2,0.0
6,12,3,0,1,0.0
6,12,3,1,2,0.0
6,12,1,1,1,0.0
6,12,2,1,0,4.6
6,12,2,3,0,7.0
6,12,4,2,0,9.3
6,12,2,3,0,10.9
6,13,2,4,0,22.3
6,12,6,0,2,37.7
6,13,3,4,0,26.1
6,13,4,5,0,26.6
6,13,7,3,0,30.2
6,13,1,8,0,16.2
6,13,2,9,0,12.8
6,13,2,9,0,15.0
6,13,3,6,0,37.4
6,13,3,7,0,33.1
6,13,2,6,0,11.4
6,13,4,8,0,31.8
6,13,1,7,0,28.6
6,13,5,6,0,60.2
6,14,2,7,0,12.0
6,14,2,8,0,14.7
6,13,3,6,0,34.1
6,14,2,7,0,18.6
6,14,2,7,0,3.6
6,13,6,8,0,72.1
6,13,4,6,0,50.1
6,14,4,7,0,24.7
6,14,3,8,0,16.1
6,13,5,8,0,72.8
6,14,5,7,0,65.8
6,14,2,8,0,32.4
6,14,2,9,0,36.3
6,14,4,9,0,50.2
6,14,2,8,0,41.4
6,14,2,9,0,42.3
6,15,2,9,0,39.0
6,15,4,4,1,0.0
6,14,5,6,0,95.7
6,14,5,10,0,98.1
6,16,2,3,7,0.0
6,16,2,3,7,0.0
6,14,5,8,0,115.1
6,17,2,2,7,0.0
6,15,5,6,0,114.4
6,17,3,1,6,0.0
6,17,1,1,6,0.0
6,17,2,1,5,0.0
6,17,3,1,6,0.0
6,17,5,1,5,0.0
6,17,1,1,4,0.0
6,17,3,1,3,0.0
6,16,7,2,6,98.7
6,18,3,0,2,0.0
6,18,4,1,1,0.0
6,18,3,2,0,15.8
6,18,5,1,0,22.9
6,18,3,3,3,12.7
6,18,4,3,3,3.9
6,18,4,1,4,14.0
6,18,4,3,4,14.1
6,19,2,3,4,0.0
6,18,6,2,4,19.4
6,19,2,4,3,0.0
6,19,2,5,2,0.0
6,19,1,6,1,0.0
6,18,4,3,4,24.5
6,18,7,0,1,83.8
6,19,5,3,3,27.7
6,19,4,4,2,33.0
6,19,3,6,0,22.5
6,19,2,7,0,24.1
6,20,2,10,3,0.0
6,20,1,10,2,0.0
6,19,4,6,0,41.0
6,19,6,3,3,65.7
6,19,4,6,0,35.2
6,20,2,8,1,0.0
6,19,4,7,0,43.6
6,20,2,8,0,4.3
6,20,2,10,0,10.2
6,19,4,8,0,58.1
6,19,4,9,0,58.2
6,20,1,9,1,0.0
6,19,3,8,3,54.1
6,20,3,7,1,43.6
6,20,3,8,0,48.4
6,20,2,9,0,26.4
6,20,4,7,0,39.0
6,21,1,11,0,23.2
6,19,7,5,1,144.0
6,20,6,9,3,97.4
6,20,4,8,0,57.3
6,20,3,9,0,51.3
6,20,4,10,0,55.1
6,21,1,9,2,0.0
6,20,5,9,0,89.2
6,21,2,9,1,0.0
6,21,4,12,0,51.4
6,21,4,13,0,50.2
6,22,2,8,0,9.0
6,22,1,9,0,16.3
6,19,8,7,0,173.2
6,21,4,12,0,72.9
6,22,2,10,0,27.0
6,22,2,9,1,0.0
6,21,4,11,1,75.4
6,21,5,10,0,111.3
6,21,3,8,1,66.2
6,22,4,10,0,57.6
6,22,4,6,0,32.2
6,21,6,13,0,127.1
6,22,4,8,0,32.2
6,21,5,8,2,97.2
6,22,5,8,0,80.2
6,22,7,7,0,128.2
0,11,2,0,12,0.0
0,11,4,0,11,0.0
0,11,2,0,10,0.0
0,11,4,0,9,0.0
0,12,5,0,8,0.0
0,12,3,0,7,0.0
0,12,4,0,8,0.0
0,12,5,0,7,0.0
0,12,7,0,6,0.0
0,12,3,0,5,0.0
0,12,2,0,5,0.0
0,12,1,0,4,0.0
0,12,2,0,3,0.0
0,12,4,0,2,0.0
0,12,2,0,1,0.0
0,12,4,0,0,2.6
0,13,2,0,0,2.6
0,13,2,0,0,4.2
0,13,2,1,0,3.5
0,13,4,2,0,4.6
0,13,2,0,0,7.9
0,13,6,0,0,14.1
0,13,4,1,0,18.6
0,14,3,0,6,0.0
0,14,4,0,5,0.0
0,14,4,0,8,0.0
0,14,6,0,7,0.0
0,14,2,0,8,0.0
0,15,3,0,8,0.0
0,15,4,0,9,0.0
0,15,4,0,10,0.0
0,16,3,0,10,0.0
0,16,2,0,9,0.0
0,16,5,0,8,0.0
0,17,7,0,9,0.0
0,17,2,0,9,0.0
0,17,5,0,8,0.0
0,17,1,0,8,0.0
0,17,2,0,7,0.0
0,18,2,0,6,0.0
0,18,2,0,6,0.0
0,18,2,0,5,0.0
0,18,3,0,4,0.0
0,18,4,0,3,0.0
0,18,1,0,2,0.0
0,18,7,0,1,6.4
0,18,2,0,3,0.0
0,18,1,0,2,0.0
0,18,3,0,3,0.0
0,19,2,2,8,0.0
0,19,3,2,7,0.0
0,19,5,0,4,14.7
0,19,1,1,7,0.0
0,19,2,1,6,0.0
0,19,2,1,5,0.0
0,19,5,1,4,0.7
0,19,5,1,5,0.0
0,20,3,2,4,0.0
0,20,2,3,3,0.0
0,20,3,3,2,0.0
0,20,2,3,1,0.0
0,20,2,3,0,0.7
0,20,2,3,2,0.0
0,20,2,3,3,0.0
0,20,3,3,2,10.3
0,20,3,3,3,0.0
0,19,7,1,4,116.2
0,21,2,4,4,0.0
0,21,4,4,3,0.0
0,21,2,4,2,0.0
0,21,2,4,2,0.0
0,20,5,1,4,75.8
0,21,2,3,1,0.0
0,20,6,2,3,82.2
0,21,3,2,1,0.0
0,21,6,3,4,66.4
0,22,3,1,8,0.0
0,21,5,3,4,93.2
0,22,2,0,9,0.0
0,22,2,0,8,0.0
1,11,3,0,12,0.0
1,11,1,0,11,0.0
1,11,3,0,10,0.0
1,12,5,0,10,0.0
1,12,3,0,9,0.0
1,12,4,0,8,0.0
1,12,5,0,7,0.0
1,12,2,0,7,0.0
1,12,3,0,6,0.0
1,12,1,0,6,0.0
1,12,2,0,5,0.0
1,12,2,0,5,0.0
1,12,3,0,4,0.0
1,12,2,0,3,0.0
1,13,1,0,5,0.0
1,13,4,0,4,0.0
1,13,2,0,5,0.0
1,13,2,0,6,0.0
1,13,3,0,5,0.0
1,13,6,0,7,0.0
1,14,4,0,9,0.0
1,14,3,0,9,0.0
1,14,3,0,9,0.0
1,14,4,0,8,0.0
1,15,1,0,11,0.0
1,15,2,0,11,0.0
1,16,4,0,10,0.0
1,16,4,0,11,0.0
1,17,3,0,11,0.0
1,17,4,0,10,0.0
1,17,8,0,9,0.0
1,17,1,0,8,0.0
1,17,2,0,8,0.0
1,17,5,0,7,0.0
1,18,4,0,6,0.0
1,18,4,0,5,0.0
1,18,3,0,5,0.0
1,18,4,0,5,0.0
1,18,2,0,4,0.0
1,18,2,0,3,0.0
1,18,4,0,2,0.0
1,18,1,1,2,0.0
1,18,7,0,1,20.0
1,18,4,0,1,0.0
1,19,3,0,2,0.0
1,19,4,0,2,0.0
1,19,3,0,2,0.0
1,19,2,0,2,0.0
1,19,4,0,1,7.7
1,19,4,0,5,0.0
1,19,2,0,5,0.0
1,19,4,0,4,0.0
1,20,2,1,3,0.0
1,20,2,1,2,0.0
1,20,4,1,1,0.0
1,20,5,0,3,10.2
1,20,4,0,0,6.7
1,20,4,1,2,0.0
1,20,2,1,5,0.0
1,20,7,0,1,34.5
1,21,1,0,6,0.0
1,21,4,0,6,0.0
1,21,3,0,5,0.0
1,21,2,0,4,0.0
1,21,4,0,3,0.0
1,21,3,0,4,0.0
1,21,2,0,3,0.0
1,21,2,0,4,0.0
1,22,6,0,5,0.0
1,22,2,0,7,0.0
1,22,4,0,11,0.0
2,11,5,0,12,0.0
2,11,3,0,11,0.0
2,11,1,0,10,0.0
2,11,2,0,9,0.0
2,11,4,0,8,0.0
2,11,4,0,7,0.0
2,12,3,0,7,0.0
2,12,5,0,8,0.0
2,12,2,0,7,0.0
2,12,2,0,7,0.0
2,12,4,0,6,0.0
2,12,3,0,5,0.0
2,13,1,0,5,0.0
2,13,4,0,4,0.0
2,13,4,0,3,0.0
2,13,2,0,2,0.0
2,13,2,0,2,0.0
2,13,1,0,1,0.0
2,13,6,0,0,12.4
2,13,3,0,2,0.0
2,13,2,0,1,0.0
2,13,3,0,1,4.6
2,14,2,1,2,0.0
2,13,4,1,1,7.9
2,14,1,0,3,0.0
2,14,2,0,6,0.0
2,14,2,0,5,0.0
2,15,1,0,9,0.0
2,15,4,0,9,0.0
2,15,3,0,10,0.0
2,15,3,0,9,0.0
2,16,6,0,8,0.0
2,16,7,0,9,0.0
2,17,2,0,10,0.0
2,17,3,0,10,0.0
2,17,2,0,9,0.0
2,18,3,0,8,0.0
2,18,2,0,7,0.0
2,18,3,0,7,0.0
2,19,2,0,12,0.0
2,19,3,0,11,0.0
2,19,4,0,10,0.0
2,19,3,0,9,0.0
2,19,2,0,8,0.0
2,19,3,0,7,0.0
2,19,6,0,6,0.0
2,20,2,0,6,0.0
2,20,2,0,5,0.0
2,20,2,0,5,0.0
2,20,3,0,4,0.0
2,20,1,0,4,0.0
2,20,2,0,3,0.0
2,20,6,0,2,0.0
2,20,2,0,2,0.0
2,20,2,0,2,0.0
2,21,6,0,9,0.0
2,21,2,0,10,0.0
2,21,4,0,10,0.0
2,22,2,0,9,0.0
2,22,4,0,11,0.0
3,11,7,0,12,0.0
3,11,1,0,11,0.0
3,11,2,0,10,0.0
3,11,3,0,9,0.0
3,11,3,0,8,0.0
3,11,4,0,7,0.0
3,12,6,0,7,0.0
3,12,6,0,6,0.0
3,12,1,2,8,0.0
3,12,7,0,5,52.7
3,13,3,1,8,0.0
3,13,2,1,7,0.0
3,13,2,1,7,0.0
3,12,6,1,5,61.4
3,13,3,0,7,0.0
3,13,2,0,6,0.0
3,13,3,0,5,0.0
3,13,2,0,4,0.0
3,14,4,0,8,0.0
3,14,5,0,9,0.0
3,14,2,0,8,0.0
3,15,2,0,10,0.0
3,15,2,0,9,0.0
3,15,2,0,8,0.0
3,15,2,0,8,0.0
3,15,1,0,7,0.0
3,16,4,0,8,0.0
3,16,8,0,7,0.0
3,16,2,0,7,0.0
3,16,3,0,6,0.0
3,16,2,1,7,0.0
3,17,4,1,7,0.0
3,17,2,1,6,0.0
3,17,2,1,7,0.0
3,17,2,1,6,0.0
3,17,2,1,5,0.0
3,18,3,1,7,0.0
3,18,1,1,6,0.0
3,16,7,0,7,81.1
3,18,3,0,5,0.0
3,18,6,0,4,0.0
3,18,2,0,3,0.0
3,18,5,1,5,0.0
3,18,3,1,4,0.0
3,18,4,1,3,0.0
3,18,4,1,3,0.0
3,19,4,3,6,0.0
3,18,8,0,2,62.6
3,19,2,2,5,0.0
3,19,2,2,4,0.0
3,19,2,2,3,0.0
3,19,1,2,4,0.0
3,19,3,2,4,0.0
3,20,2,2,4,0.0
3,20,4,2,4,0.0
3,20,2,2,4,0.0
3,20,2,2,4,0.0
3,20,4,2,6,0.0
3,20,2,2,6,0.0
3,20,6,2,6,0.0
3,20,3,2,5,0.0
3,20,1,2,4,0.0
3,20,2,2,3,0.0
3,20,1,2,2,0.0
3,18,7,1,3,114.6
3,20,6,1,1,0.0
3,20,2,1,0,15.1
3,21,2,4,0,0.5
3,20,4,2,0,23.5
3,21,3,2,0,22.8
3,21,4,3,0,27.2
3,21,4,4,0,40.3
3,21,4,4,2,34.3
3,22,2,6,4,0.0
3,21,3,5,2,40.7
3,22,2,5,3,0.0
3,21,3,4,4,30.4
3,21,6,5,4,27.4
3,21,4,5,4,21.1
3,21,3,6,4,38.9
3,19,7,2,6,217.8
4,11,4,0,12,0.0
4,12,3,0,11,0.0
4,12,4,0,10,0.0
4,12,6,0,10,0.0
4,12,7,0,9,0.0
4,12,2,0,8,0.0
4,12,2,0,7,0.0
4,12,3,0,6,0.0
4,12,3,0,5,0.0
4,12,2,0,4,0.0
4,12,2,0,3,0.0
4,12,2,0,2,0.0
4,12,2,0,1,0.0
4,12,1,0,0,18.0
4,12,4,1,0,27.6
4,12,2,2,0,20.0
4,12,2,3,0,19.4
4,12,3,4,0,23.4
4,13,2,5,0,6.7
4,12,4,5,0,23.3
4,13,4,5,0,17.5
4,13,2,5,1,0.0
4,12,5,5,0,35.2
4,13,2,6,0,9.9
4,13,4,6,0,29.7
4,13,4,6,0,45.2
4,13,2,7,0,32.9
4,13,2,6,0,21.7
4,13,3,5,0,46.1
4,13,3,5,1,51.4
4,13,4,5,0,49.8
4,13,2,8,0,26.2
4,13,4,7,0,50.4
4,13,3,7,0,28.9
4,13,2,9,0,23.4
4,13,4,9,0,31.1
4,13,8,9,0,45.2
4,14,2,8,0,35.8
4,14,3,8,0,43.0
4,14,1,9,0,42.4
4,14,4,6,0,43.4
4,14,2,6,0,48.4
4,14,2,7,0,45.8
4,14,5,5,0,29.8
4,14,2,4,0,20.9
4,15,2,1,0,2.5
4,15,3,1,3,0.0
4,15,3,1,2,0.0
4,14,5,4,0,45.4
4,15,4,1,2,0.0
4,16,3,1,3,0.0
4,16,2,1,6,0.0
4,15,7,1,1,55.9
4,16,2,0,7,0.0
4,16,6,0,8,0.0
4,16,2,0,7,0.0
4,17,3,0,6,0.0
4,17,2,0,5,0.0
4,17,1,0,4,0.0
4,17,4,0,3,0.0
4,17,2,0,4,0.0
4,17,2,0,3,0.0
4,17,2,0,2,0.0
4,17,2,0,2,0.0
4,17,2,0,2,0.0
4,17,2,0,1,0.0
4,17,3,0,0,6.8
4,17,4,1,0,15.1
4,18,2,0,3,0.0
4,18,4,0,2,0.0
4,18,8,0,3,0.0
4,18,1,0,3,0.0
4,18,2,0,2,0.0
4,18,2,0,5,0.0
4,18,3,0,5,0.0
4,18,2,0,6,0.0
4,19,5,0,8,0.0
4,19,2,0,7,0.0
4,19,5,0,6,0.0
4,19,2,0,5,0.0
4,19,4,0,5,0.0
4,19,4,0,4,0.0
4,19,3,0,3,0.0
4,19,4,0,2,0.0
4,19,2,0,1,0.0
4,19,4,0,0,0.2
4,19,3,0,0,7.5
4,19,1,2,0,14.8
4,19,2,4,0,16.8
4,19,3,1,0,27.6
4,19,3,2,0,30.6
4,19,4,3,0,31.6
4,19,4,5,0,29.6
4,19,4,6,0,25.6
4,19,2,8,0,20.4
4,19,4,6,0,39.6
4,20,2,7,0,12.0
4,19,3,7,0,45.0
4,20,2,8,0,15.7
4,20,2,6,0,8.1
4,20,1,6,0,7.6
4,20,4,8,0,54.4
4,20,2,7,0,21.7
4,19,5,9,0,72.0
4,20,2,8,0,22.1
4,20,3,6,0,54.1
4,20,4,6,0,51.9
4,21,2,9,0,10.7
4,21,4,7,0,16.7
4,20,6,8,0,79.6
4,21,4,8,0,28.9
4,21,2,9,0,26.1
4,20,5,6,0,55.1
4,21,4,6,0,33.7
4,21,2,7,0,46.9
4,21,4,6,0,52.8
4,21,2,8,0,43.1
4,21,5,5,0,55.5
4,21,3,8,0,43.3
4,21,1,10,0,36.5
4,22,2,11,0,19.1
4,21,4,8,0,42.2
4,21,4,10,0,46.0
4,21,5,8,0,92.1
4,22,3,7,0,48.0
4,21,6,8,0,100.3
4,22,4,5,2,41.5
4,21,6,9,0,95.1
5,11,2,0,12,0.0
5,11,4,0,11,0.0
5,11,1,0,10,0.0
5,11,7,0,9,0.0
5,11,2,0,8,0.0
5,11,4,0,7,0.0
5,12,4,0,7,0.0
5,12,2,0,6,0.0
5,12,4,0,5,0.0
5,12,3,0,4,0.0
5,12,2,0,4,0.0
5,12,4,0,3,0.0
5,12,4,0,2,0.0
5,12,2,1,1,0.0
5,12,3,0,1,16.2
5,12,2,1,0,9.5
5,12,2,1,0,7.4
5,12,4,2,0,18.0
5,12,2,2,0,14.9
5,12,1,1,0,10.0
5,13,2,1,0,2.8
5,13,2,2,0,3.1
5,13,2,2,1,0.0
5,13,4,1,1,5.4
5,13,2,2,1,0.0
5,13,2,2,1,0.0
5,13,6,2,0,27.1
5,13,2,2,0,10.1
5,13,2,1,0,1.6
5,13,6,2,0,31.8
5,13,1,0,0,6.1
5,13,3,1,0,6.4
5,13,4,2,0,6.6
5,13,2,4,0,4.3
5,13,3,3,0,20.1
5,13,2,4,0,16.6
5,13,4,4,0,36.3
5,13,3,5,0,35.9
5,14,2,5,0,22.5
5,13,6,5,0,41.4
5,14,3,5,0,31.4
5,14,2,5,0,25.3
5,14,6,4,0,23.9
5,15,4,0,3,0.0
5,15,5,0,6,16.7
5,15,4,0,11,0.0
5,16,3,0,10,0.0
5,16,4,0,9,0.0
5,17,6,0,8,0.0
5,17,3,0,7,0.0
5,17,4,0,7,0.0
5,17,1,0,6,0.0
5,17,3,0,5,0.0
5,17,4,0,4,0.0
5,17,4,0,5,0.0
5,17,4,0,4,0.0
5,17,4,0,3,5.7
5,17,3,1,3,0.8
5,17,5,0,3,16.3
5,18,3,0,3,3.8
5,18,2,1,4,0.0
5,18,2,1,3,0.0
5,18,2,1,2,0.0
5,18,2,1,1,0.0
5,18,2,1,0,0.8
5,18,5,1,3,12.2
5,18,2,0,0,10.4
5,18,2,1,0,6.5
5,18,3,1,0,4.2
5,18,2,1,0,0.4
5,18,1,1,0,6.2
5,18,1,2,1,0.0
5,18,3,2,1,0.0
5,19,2,4,1,0.0
5,18,5,2,0,15.2
5,19,2,5,0,1.1
5,18,4,2,0,11.6
5,19,1,4,0,4.1
5,18,4,3,1,34.0
5,18,8,2,0,63.3
5,19,4,4,0,38.6
5,19,2,5,0,30.7
5,19,6,4,0,44.4
5,19,2,6,0,34.0
5,19,4,6,0,39.5
5,19,2,9,0,30.0
5,19,3,7,0,46.6
5,19,2,9,0,35.1
5,19,1,8,0,26.5
5,19,4,8,0,54.8
5,19,2,9,0,28.4
5,19,3,9,0,49.5
5,19,3,7,0,54.1
5,19,4,8,0,51.7
5,20,2,9,0,40.3
5,20,2,9,0,38.5
5,20,2,8,0,45.2
5,20,3,6,0,42.1
5,20,2,7,0,39.4
5,20,2,9,0,33.1
5,19,5,9,0,78.8
5,20,4,8,0,49.1
5,20,3,9,0,42.9
5,20,2,7,0,36.7
5,20,3,8,0,30.5
5,21,2,8,0,24.3
5,21,2,5,0,8.5
5,21,4,8,0,45.8
5,21,4,7,0,40.7
5,21,2,6,0,22.5
5,21,6,8,0,37.1
5,21,3,4,0,33.3
5,21,2,7,0,33.0
5,21,4,8,0,32.0
5,21,1,8,0,29.8
5,21,2,9,0,34.1
5,21,4,10,0,38.9
5,22,1,7,0,19.8
5,21,8,8,0,79.9
5,21,3,11,0,55.3
5,21,3,12,0,53.7
5,22,4,9,0,54.8
5,22,4,6,0,33.9
5,22,4,3,2,7.6
5,22,5,5,0,38.9
5,21,8,11,0,127.6
6,11,2,0,12,0.0
6,11,3,0,11,0.0
6,11,6,0,10,0.0
6,11,2,0,9,0.0
6,11,4,0,8,0.0
6,11,1,0,7,0.0
6,12,2,0,6,0.0
6,12,2,0,5,0.0
6,12,3,0,5,0.0
6,12,1,0,4,0.0
6,12,5,0,5,0.0
6,12,3,0,4,0.0
6,12,5,0,3,0.0
6,12,4,1,3,0.9
6,12,2,3,3,0.0
6,12,3,1,3,14.7
6,13,4,2,5,0.0
6,13,4,3,4,0.0
6,13,2,3,3,0.0
6,13,2,3,2,0.0
6,13,5,2,4,13.2
6,12,7,0,2,68.1
6,13,3,2,1,23.7
6,13,4,5,1,25.1
6,13,4,7,2,22.4
6,13,3,8,2,28.7
6,13,4,7,2,30.0
6,14,2,8,3,0.0
6,14,3,8,2,31.1
6,14,2,8,3,0.0
6,13,5,3,1,66.2
6,14,3,9,2,52.4
6,13,6,4,1,75.7
6,15,2,8,2,0.0
6,15,2,9,1,0.0
6,14,4,7,2,61.6
6,14,4,7,2,40.4
6,12,7,2,3,155.0
6,14,4,8,2,39.3
6,15,3,7,2,54.1
6,15,3,8,1,45.1
6,13,6,6,2,136.6
6,14,5,8,2,97.4
6,15,4,9,0,59.4
6,16,2,5,4,0.0
6,15,3,6,0,60.2
6,14,8,8,3,132.5
6,15,4,6,3,59.5
6,16,3,5,3,49.5
6,15,6,7,1,85.7
6,17,2,0,6,0.0
6,17,3,0,6,0.0
6,17,4,0,6,0.0
6,18,2,0,9,0.0
6,18,2,0,8,0.0
6,18,3,0,7,0.0
6,18,1,0,7,0.0
6,18,4,0,7,0.0
6,18,3,0,6,0.0
6,18,1,0,5,0.0
6,19,4,0,6,0.0
6,19,3,0,5,0.0
6,19,8,0,4,0.0
6,19,4,0,6,0.0
6,19,2,0,5,0.0
6,19,4,0,5,0.0
6,19,4,0,6,0.0
6,19,4,0,5,0.0
6,19,4,0,4,0.0
6,19,6,0,3,16.2
6,19,3,1,3,14.3
6,20,2,5,4,0.0
6,19,4,2,3,22.4
6,20,2,4,3,0.0
6,20,2,8,2,0.0
6,20,2,8,1,0.0
6,20,6,3,3,35.5
6,20,4,6,3,29.0
6,20,4,5,2,17.7
6,20,6,5,3,45.0
6,20,3,7,2,21.5
6,20,2,6,0,12.5
6,20,4,6,0,8.8
6,20,4,7,0,25.7
6,20,1,8,0,26.1
6,20,8,4,3,85.2
6,20,2,8,0,33.5
6,21,2,7,0,27.6
6,21,2,8,0,37.8
6,20,3,8,0,56.9
6,21,2,9,0,36.8
6,21,4,8,0,30.4
6,21,2,9,0,41.3
6,20,6,6,2,95.9
6,21,2,7,0,39.7
6,21,3,8,0,39.6
6,21,2,9,0,37.2
6,21,2,7,0,25.8
6,21,2,7,0,28.3
6,22,2,8,0,31.0
6,22,2,5,0,29.5
6,22,4,2,0,6.6
6,20,7,4,2,137.2
6,22,1,3,0,6.4
6,22,5,2,0,52.5
0,11,3,0,12,0.0
0,11,2,0,11,0.0
0,11,4,0,10,0.0
0,11,1,0,9,0.0
0,12,6,0,9,0.0
0,12,4,0,9,0.0
0,12,2,0,8,0.0
0,12,1,0,7,0.0
0,12,2,0,8,0.0
0,13,4,0,10,0.0
0,13,2,0,9,0.0
0,13,2,0,8,0.0
0,13,4,0,8,0.0
0,13,2,0,7,0.0
0,13,2,0,6,0.0
0,13,2,0,5,0.0
0,13,2,0,4,0.0
0,13,2,0,3,0.0
0,13,7,0,2,0.0
0,13,2,0,2,0.0
0,13,2,0,2,0.0
0,14,2,0,4,0.0
0,14,2,0,3,0.0
0,14,2,0,3,0.0
0,14,4,0,6,0.0
0,14,1,0,7,0.0
0,14,3,0,6,0.0
0,14,2,0,6,0.0
0,15,4,0,9,0.0
0,15,3,0,8,0.0
0,15,4,0,10,0.0
0,16,2,0,10,0.0
0,17,4,0,10,0.0
0,17,3,0,10,0.0
0,17,3,0,9,0.0
0,17,2,0,9,0.0
0,17,2,0,8,0.0
0,18,2,0,8,0.0
0,18,2,0,8,0.0
0,18,2,0,9,0.0
0,18,4,0,8,0.0
0,18,3,0,8,0.0
0,18,3,0,9,0.0
0,19,4,0,8,0.0
0,19,2,0,7,0.0
0,19,4,0,6,0.0
0,19,5,0,5,0.0
0,19,6,0,4,0.0
0,19,2,0,3,0.0
0,19,4,0,3,0.0
0,19,3,0,2,0.5
0,20,3,0,4,0.0
0,20,5,0,5,0.0
0,20,2,1,6,0.0
0,20,2,2,6,0.0
0,20,5,0,5,32.2
0,20,2,1,6,0.0
0,20,3,1,5,0.0
0,20,3,1,4,0.0
0,20,6,1,6,37.3
0,21,6,0,5,0.0
0,21,3,0,5,0.0
0,21,2,0,4,0.0
0,22,3,0,8,0.0
0,22,3,0,7,0.0
0,22,1,0,9,0.0
1,11,3,0,12,0.0
1,11,8,0,11,0.0
1,11,4,0,10,0.0
1,12,2,0,9,0.0
1,12,4,0,8,0.0
1,12,4,0,7,0.0
1,12,5,0,7,0.0
1,12,2,0,6,0.0
1,12,1,0,5,0.0
1,12,2,0,4,0.0
1,12,4,0,3,0.0
1,12,3,0,2,0.0
1,12,3,0,1,0.0
1,12,4,0,0,1.7
1,13,2,0,1,0.0
1,13,2,0,2,0.0
1,13,4,0,1,0.0
1,13,4,0,3,0.0
1,13,2,1,2,0.0
1,13,4,0,2,6.0
1,13,2,1,2,0.0
1,13,3,1,1,17.0
1,13,3,1,3,0.0
1,13,2,1,2,0.0
1,13,1,2,1,0.0
1,13,6,0,2,17.3
1,13,3,1,1,18.5
1,14,4,1,1,7.1
1,14,4,0,3,0.0
1,14,2,0,2,0.0
1,14,2,0,5,0.0
1,15,3,0,7,0.0
1,15,5,0,10,0.0
1,16,3,0,11,0.0
1,16,7,0,10,0.0
1,17,2,0,10,0.0
1,17,6,0,9,0.0
1,17,2,0,8,0.0
1,18,2,0,9,0.0
1,18,2,0,9,0.0
1,18,2,0,8,0.0
1,18,2,0,7,0.0
1,18,8,0,7,0.0
1,18,5,0,6,0.0
1,18,2,0,6,0.0
1,19,2,0,5,0.0
1,19,2,0,5,0.0
1,19,2,0,6,0.0
1,19,2,0,5,0.0
1,19,4,0,5,0.0
1,19,2,0,4,0.0
1,19,1,0,4,0.0
1,19,6,0,4,0.0
1,19,1,0,3,0.0
1,20,4,0,6,0.0
1,20,2,0,5,0.0
1,20,3,0,4,0.0
1,20,2,0,5,0.0
1,20,3,0,4,0.0
1,20,4,0,3,0.0
1,20,7,0,2,0.0
1,20,2,1,1,0.0
1,20,3,0,1,4.9
1,20,4,0,2,1.1
1,20,4,0,2,5.7
1,20,4,2,2,2.9
1,20,2,3,2,0.0
1,20,2,3,1,0.0
1,20,6,1,2,14.0
1,20,3,3,2,22.9
1,21,2,2,0,32.6
1,21,2,2,0,12.9
1,21,2,4,0,4.2
1,21,2,5,0,9.9
1,21,4,3,0,26.9
1,21,2,4,1,0.0
1,21,4,4,0,28.0
1,20,8,3,2,69.5
1,21,3,4,0,30.4
1,21,3,3,0,16.2
1,21,2,4,0,14.3
1,22,6,0,2,5.3
1,22,3,0,4,0.0
2,11,4,0,12,0.0
2,11,4,0,11,0.0
2,11,2,0,10,0.0
2,11,4,0,9,0.0
2,12,1,0,10,0.0
2,12,4,0,9,0.0
2,12,7,0,8,0.0
2,12,6,0,9,0.0
2,12,4,0,8,0.0
2,12,6,0,7,0.0
2,12,4,1,6,0.0
2,12,2,1,6,0.0
2,13,4,1,6,0.0
2,13,2,1,5,0.0
2,13,3,1,4,0.0
2,12,6,0,6,54.6
2,13,1,0,3,0.0
2,13,4,0,2,0.0
2,13,4,0,3,0.0
2,13,2,0,2,0.0
2,13,5,0,2,0.0
2,14,4,0,5,0.0
2,14,4,0,4,0.0
2,14,3,0,4,0.0
2,14,2,0,6,0.0
2,15,1,0,8,0.0
2,15,3,0,7,0.0
2,15,4,0,7,0.0
2,15,2,0,6,0.0
2,15,8,0,7,0.0
2,15,4,0,7,0.0
2,16,2,1,8,0.0
2,16,2,1,7,0.0
2,15,8,0,6,44.5
2,16,4,0,9,0.0
2,17,6,0,8,0.0
2,17,4,0,7,0.0
2,17,1,0,7,0.0
2,17,3,0,8,0.0
2,18,4,0,10,0.0
2,18,2,0,10,0.0
2,18,3,0,9,0.0
2,18,3,0,8,0.0
2,18,5,0,7,0.0
2,18,3,0,6,0.0
2,19,2,0,6,0.0
2,19,4,0,5,0.0
2,19,1,0,5,0.0
2,19,1,0,4,0.0
2,19,3,0,3,0.0
2,19,4,0,2,0.0
2,19,2,1,1,0.0
2,19,2,1,0,1.6
2,19,4,2,0,2.3
2,19,4,2,0,4.6
2,19,2,2,0,4.8
2,19,6,0,1,25.8
2,19,1,2,0,28.2
2,19,2,5,0,17.8
2,20,2,5,0,2.1
2,19,3,3,0,42.7
2,19,4,3,0,41.4
2,20,2,4,1,0.0
2,19,5,4,0,49.7
2,19,3,5,0,40.6
2,20,4,6,0,31.1
2,20,1,4,0,21.3
2,20,2,5,0,21.3
2,20,2,6,0,29.1
2,20,2,5,0,22.9
2,20,5,4,0,53.8
2,20,2,3,0,9.0
2,20,2,5,0,14.8
2,20,3,4,0,17.8
2,21,2,0,3,0.0
2,21,3,0,5,0.0
2,21,2,0,4,0.0
2,21,3,0,4,0.0
2,21,4,0,3,0.0
2,21,2,0,2,0.0
2,21,4,0,3,0.0
2,22,2,0,3,0.0
2,22,4,0,2,0.0
2,22,2,0,8,0.0
2,22,1,0,7,0.0
2,22,5,0,6,0.0
3,11,4,0,12,0.0
3,11,4,0,11,0.0
3,11,6,0,10,0.0
3,12,3,0,10,0.0
3,12,3,0,10,0.0
3,12,2,0,9,0.0
3,12,6,0,8,0.0
3,12,2,0,7,0.0
3,12,2,0,7,0.0
3,12,4,0,6,0.0
3,12,3,0,5,0.0
3,12,2,0,4,0.0
3,12,1,0,3,0.0
3,12,2,0,2,0.0
3,12,3,0,1,0.0
3,13,2,3,0,12.6
3,12,6,0,0,19.5
3,13,2,5,0,10.4
3,13,2,7,0,8.7
3,12,4,1,0,27.3
3,12,3,2,0,26.1
3,13,3,4,0,23.0
3,13,4,6,0,27.0
3,13,3,6,0,24.8
3,13,2,2,0,15.0
3,13,2,3,0,18.4
3,13,1,4,0,24.4
3,13,4,5,0,27.0
3,13,2,6,0,30.5
3,13,3,4,0,26.9
3,13,2,5,0,26.7
3,13,2,5,0,24.8
3,13,2,5,0,23.3
3,14,2,5,0,18.7
3,14,2,5,0,17.1
3,14,2,2,0,0.1
3,13,6,4,0,51.4
3,14,2,1,1,0.0
3,14,7,3,0,29.2
3,14,3,0,3,0.0
3,15,2,0,9,0.0
3,15,3,0,9,0.0
3,15,2,0,8,0.0
3,15,5,0,7,0.0
3,16,2,0,9,0.0
3,16,2,0,8,0.0
3,16,5,0,8,0.0
3,17,2,0,9,0.0
3,17,3,0,9,0.0
3,18,2,0,9,0.0
3,18,6,0,10,0.0
3,18,5,0,9,0.0
3,18,2,0,9,0.0
3,18,4,0,9,0.0
3,19,3,0,8,0.0
3,19,3,0,7,0.0
3,19,4,0,6,0.0
3,19,4,0,5,0.0
3,19,1,0,4,0.0
3,19,2,0,3,0.0
3,19,3,0,2,0.0
3,19,3,0,1,2.0
3,19,2,1,1,0.0
3,19,3,0,1,8.6
3,19,1,0,0,1.1
3,19,2,0,0,3.4
3,19,3,1,0,12.8
3,19,4,1,0,16.6
3,19,2,2,0,17.7
3,19,2,4,0,19.0
3,20,2,2,0,2.8
3,19,3,3,0,33.9
3,20,2,1,0,19.1
3,20,4,1,0,9.1
3,20,2,0,0,3.7
3,20,2,0,1,0.0
3,20,3,0,0,3.0
3,21,1,1,5,0.0
3,20,6,0,4,14.8
3,21,3,1,7,0.0
3,21,2,1,8,0.0
3,21,7,0,5,30.4
3,22,4,0,8,0.0
3,22,2,0,8,0.0
3,22,3,0,7,0.0
3,22,3,0,6,0.0
3,22,6,0,7,0.0
4,11,4,0,12,0.0
4,11,1,0,11,0.0
4,11,2,0,10,0.0
4,11,2,0,9,0.0
4,11,3,0,8,0.0
4,11,2,0,8,0.0
4,12,2,0,8,0.0
4,12,2,0,8,0.0
4,12,2,0,7,0.0
4,12,2,0,6,0.0
4,12,2,0,6,0.0
4,12,1,0,5,0.0
4,12,3,0,5,0.0
4,12,2,0,4,0.0
4,12,5,0,3,0.0
4,12,2,0,2,0.0
4,12,6,0,1,0.0
4,12,2,5,2,0.0
4,12,4,1,1,16.4
4,13,2,7,1,0.0
4,13,2,9,0,1.4
4,12,4,2,1,31.7
4,12,4,3,2,34.3
4,12,5,0,0,51.5
4,12,4,4,2,37.6
4,13,2,6,0,1.3
4,13,3,5,1,36.9
4,13,3,6,1,39.2
4,13,2,4,1,0.0
4,13,2,4,0,11.8
4,13,4,7,0,51.7
4,13,8,5,1,73.0
4,13,2,7,0,25.6
4,13,4,8,0,69.6
4,13,4,8,0,67.3
4,13,4,5,0,40.4
4,13,3,6,0,42.4
4,13,2,8,0,40.3
4,13,4,9,0,41.2
4,14,2,9,0,45.1
4,14,2,10,0,32.4
4,14,4,9,0,55.0
4,14,4,11,0,46.6
4,14,2,10,0,49.5
4,14,2,8,0,37.8
4,14,3,11,0,50.7
4,14,4,7,0,31.6
4,14,6,10,0,82.9
4,14,4,8,0,45.5
4,14,2,8,0,42.8
4,15,4,9,0,38.0
4,15,2,5,0,23.2
4,15,2,6,0,22.8
4,15,3,8,0,42.7
4,15,2,3,0,10.7
4,16,2,1,0,10.2
4,16,2,2,1,0.0
4,16,4,2,0,18.9
4,15,5,1,0,33.9
4,16,3,0,5,0.0
4,17,5,0,6,0.0
4,17,4,0,8,0.0
4,17,2,0,7,0.0
4,17,5,0,7,0.0
4,18,3,0,8,0.0
4,18,6,0,8,0.0
4,18,5,0,7,0.0
4,18,2,0,6,0.0
4,18,4,0,5,0.0
4,18,4,1,4,0.0
4,18,3,1,3,0.0
4,18,2,1,2,0.0
4,18,2,2,2,0.0
4,18,4,1,2,12.0
4,18,6,0,4,28.9
4,18,3,2,1,11.9
4,19,2,0,1,0.0
4,19,3,1,1,0.0
4,19,5,0,0,11.5
4,19,4,1,0,6.9
4,19,4,0,0,3.5
4,19,2,2,2,0.0
4,19,4,1,2,3.8
4,19,3,1,2,4.4
4,19,3,1,3,5.7
4,20,2,2,3,0.0
4,20,4,2,3,10.0
4,20,2,1,2,0.0
4,19,6,0,0,34.6
4,20,1,0,1,0.0
4,20,2,0,0,3.6
4,20,2,2,0,7.0
4,20,4,2,0,2.7
4,20,5,1,0,8.8
4,20,1,5,0,11.7
4,20,4,3,0,21.2
4,20,4,3,0,19.4
4,20,1,7,0,13.8
4,20,4,4,0,25.0
4,20,2,9,0,14.6
4,21,2,7,0,4.8
4,20,6,1,0,33.8
4,20,5,2,0,34.6
4,20,3,6,0,46.0
4,20,3,8,0,47.6
4,21,4,6,0,33.7
4,21,1,4,0,23.4
4,21,2,6,2,0.0
4,21,3,5,0,42.4
4,21,4,6,0,44.4
4,21,6,4,0,56.5
4,21,4,4,2,29.0
4,21,4,5,1,13.3
4,21,5,7,0,61.8
4,22,4,2,1,3.7
4,22,2,2,3,0.0
4,21,6,5,2,47.5
4,22,3,2,1,11.1
4,22,2,0,2,0.0
5,11,3,0,12,0.0
5,11,4,0,11,0.0
5,12,2,0,11,0.0
5,12,8,0,10,0.0
5,12,2,0,9,0.0
5,12,2,0,8,0.0
5,12,4,0,8,0.0
5,12,1,0,7,0.0
5,12,3,0,7,0.0
5,12,3,0,6,0.0
5,12,3,0,6,0.0
5,12,5,0,5,0.0
5,12,3,0,4,0.0
5,13,6,0,3,0.0
5,13,2,1,3,0.0
5,13,2,4,2,0.0
5,13,3,0,2,17.8
5,13,4,1,2,13.9
5,13,2,6,1,0.0
5,13,4,2,2,12.9
5,13,2,5,1,0.0
5,13,3,4,1,16.1
5,13,6,3,2,33.2
5,13,4,5,1,35.0
5,13,4,6,1,35.0
5,13,1,6,0,23.6
5,13,2,8,0,17.8
5,13,4,5,1,53.5
5,13,2,8,0,18.0
5,13,4,5,0,47.0
5,14,2,9,0,28.3
5,13,4,5,0,59.8
5,13,4,7,0,60.6
5,14,2,9,0,42.9
5,14,2,7,0,32.0
5,13,3,7,0,67.1
5,13,3,7,0,70.4
5,15,4,3,1,4.8
5,15,3,3,2,0.0
5,14,6,8,0,92.9
5,15,3,3,1,23.7
5,14,6,6,0,71.9
5,15,6,4,1,57.3
5,16,2,2,8,0.0
5,16,6,1,4,38.3
5,16,2,1,7,0.0
5,16,1,2,7,0.0
5,17,1,2,6,0.0
5,17,2,2,5,0.0
5,17,4,2,4,0.0
5,16,5,1,7,48.0
5,17,3,3,4,0.0
5,17,2,3,3,0.0
5,17,2,3,2,0.0
5,17,2,3,1,0.0
5,17,6,1,3,20.5
5,17,2,2,1,0.0
5,17,2,2,1,0.0
5,17,2,3,1,0.0
5,17,5,2,4,47.7
5,18,3,2,2,0.0
5,18,2,2,2,0.0
5,16,7,1,6,107.0
5,17,5,2,1,41.7
5,18,2,0,5,0.0
5,18,3,0,5,0.0
5,18,2,0,4,0.0
5,19,1,2,4,0.0
5,19,2,2,3,0.0
5,19,2,2,2,0.0
5,19,2,2,2,0.0
5,19,3,2,1,0.0
5,19,3,2,0,9.6
5,19,5,0,3,25.7
5,19,4,3,1,25.0
5,19,2,4,3,0.0
5,19,4,2,2,18.5
5,19,4,4,2,17.4
5,19,6,1,3,68.0
5,20,2,1,5,0.0
5,20,4,1,4,0.0
5,19,5,3,2,33.5
5,20,1,0,3,0.0
5,20,6,0,2,3.4
5,20,2,0,2,0.0
5,20,2,1,1,0.0
5,20,2,1,0,11.1
5,20,3,2,0,17.5
5,20,2,6,0,14.6
5,20,4,5,0,16.0
5,20,2,9,0,19.6
5,20,4,7,0,35.3
5,20,6,0,1,49.1
5,20,2,11,0,30.2
5,20,5,3,0,45.5
5,20,2,12,0,31.1
5,20,3,8,0,40.3
5,20,1,12,0,38.9
5,20,5,4,0,66.5
5,20,3,10,0,57.0
5,20,3,11,0,47.7
5,21,2,14,0,28.4
5,20,4,13,0,61.5
5,21,2,10,0,30.1
5,20,4,14,0,71.4
5,21,2,7,0,29.5
5,21,4,14,0,64.4
5,21,1,9,0,24.3
5,21,3,10,0,49.3
5,22,2,9,0,23.1
5,21,4,8,0,49.3
5,20,6,8,0,122.9
5,20,5,12,0,114.6
5,22,3,10,0,38.9
5,22,1,6,0,40.2
5,22,2,5,0,37.3
5,22,4,2,0,21.8
6,11,2,0,12,0.0
6,11,2,0,11,0.0
6,11,4,0,10,0.0
6,12,1,0,9,0.0
6,12,4,0,9,0.0
6,12,2,0,8,0.0
6,12,6,0,7,0.0
6,12,3,0,7,0.0
6,12,4,0,6,0.0
6,12,6,0,6,0.0
6,12,4,0,5,0.0
6,12,3,0,4,0.0
6,12,6,0,5,0.0
6,12,2,0,4,0.0
6,12,4,0,6,0.0
6,13,2,0,5,0.0
6,13,3,0,4,0.0
6,13,2,1,3,0.0
6,13,2,1,2,0.0
6,13,3,1,1,0.0
6,13,3,1,0,6.2
6,13,5,0,3,34.8
6,13,1,4,0,20.3
6,13,2,5,0,19.9
6,13,4,2,0,24.5
6,13,1,9,0,5.2
6,13,4,3,0,25.7
6,13,3,5,0,19.0
6,13,2,7,0,12.3
6,13,4,6,0,24.2
6,14,2,2,0,0.7
6,14,2,2,0,8.4
6,13,5,7,0,51.5
6,14,2,4,0,16.9
6,14,4,3,0,23.2
6,13,6,8,0,58.0
6,14,4,4,0,29.7
6,14,2,2,3,0.0
6,14,3,2,2,0.4
6,14,6,1,0,17.1
6,15,1,1,3,0.0
6,15,2,1,2,0.0
6,15,2,1,3,0.0
6,15,2,1,4,0.0
6,15,2,1,5,0.0
6,15,2,1,5,0.0
6,14,6,1,3,81.8
6,16,2,0,7,0.0
6,16,2,0,6,0.0
6,16,3,0,6,0.0
6,16,4,0,5,0.0
6,16,4,0,4,0.0
6,16,4,0,6,0.0
6,17,2,0,5,0.0
6,17,1,0,4,0.0
6,17,1,0,9,0.0
6,18,4,0,11,0.0
6,18,3,0,10,0.0
6,18,5,0,9,0.0
6,18,2,0,8,0.0
6,18,1,0,7,0.0
6,18,3,0,6,0.0
6,18,2,0,5,0.0
6,18,4,0,4,0.0
6,18,4,0,3,0.0
6,18,2,0,2,0.0
6,18,4,0,1,0.0
6,18,2,0,2,0.0
6,18,4,0,1,0.0
6,18,2,1,0,5.1
6,18,2,2,0,8.9
6,18,4,0,0,14.1
6,18,2,3,0,7.7
6,18,1,3,0,24.0
6,19,2,2,0,18.3
6,19,2,2,0,19.5
6,19,2,3,0,23.1
6,19,3,4,0,25.0
6,19,2,5,0,22.7
6,19,1,6,0,24.5
6,19,2,7,0,21.4
6,19,3,7,0,15.2
6,19,4,7,0,20.6
6,19,2,7,0,19.5
6,19,5,8,0,38.7
6,19,3,8,0,27.6
6,19,3,5,0,17.5
6,19,2,6,0,23.2
6,19,2,7,0,25.2
6,19,5,8,0,53.6
6,19,1,9,0,32.6
6,19,2,10,0,34.2
6,19,4,7,0,51.5
6,19,3,8,0,50.8
6,19,4,8,0,46.9
6,20,2,8,0,36.2
6,20,3,7,0,47.5
6,20,2,7,0,30.7
6,20,4,8,0,44.1
6,20,4,9,0,39.8
6,20,3,8,0,39.5
6,20,2,9,0,37.1
6,20,4,10,0,51.6
6,20,4,10,0,47.1
6,20,2,10,0,41.7
6,20,2,10,0,43.2
6,20,2,11,0,51.9
6,20,2,11,0,59.5
6,20,4,12,0,57.9
6,20,3,10,0,56.0
6,20,3,11,0,56.1
6,21,2,12,0,42.8
6,21,2,13,0,43.6
6,21,4,11,0,70.0
6,21,3,12,0,80.8
6,21,3,13,0,80.1
6,21,2,13,0,59.3
6,21,3,12,0,78.0
6,21,3,13,0,77.7
6,22,2,10,0,28.7
6,21,6,14,0,83.2
6,22,2,3,0,18.9
6,22,2,4,0,28.4
6,22,2,5,0,28.3
6,22,2,6,0,21.5
6,21,5,14,0,106.1
6,22,3,5,0,33.7
6,22,4,6,0,44.5
6,22,6,8,0,83.0
6,22,3,7,0,45.0
0,11,3,0,12,0.0
0,11,2,0,11,0.0
0,11,2,0,10,0.0
0,11,4,0,9,0.0
0,12,2,0,8,0.0
0,12,2,0,8,0.0
0,12,3,0,7,0.0
0,12,1,0,6,0.0
0,12,2,0,6,0.0
0,12,1,0,5,0.0
0,12,2,0,7,0.0
0,12,2,0,6,0.0
0,12,2,0,5,0.0
0,12,4,0,4,0.0
0,13,2,0,3,0.0
0,13,4,0,4,0.0
0,13,2,0,5,0.0
0,13,2,0,4,0.0
0,13,4,0,5,0.0
0,13,6,0,4,0.0
0,13,4,1,5,0.0
0,13,4,1,4,0.0
0,13,6,0,5,8.5
0,13,2,0,4,0.0
0,14,4,0,3,0.0
0,14,6,0,9,0.0
0,14,3,0,9,0.0
0,15,6,0,8,0.0
0,15,8,0,9,13.7
0,16,1,0,10,0.0
0,16,2,0,10,0.0
0,17,2,0,9,0.0
0,17,4,0,9,0.0
0,17,2,0,8,0.0
0,17,2,0,7,0.0
0,18,1,0,9,0.0
0,18,3,0,8,0.0
0,18,4,0,7,0.0
0,18,6,0,6,0.0
0,18,4,0,5,0.0
0,18,2,0,6,0.0
0,18,3,0,8,0.0
0,19,6,0,7,0.0
0,19,8,0,6,0.0
0,19,3,1,5,0.0
0,19,5,0,5,9.1
0,19,3,2,7,0.0
0,19,2,2,6,0.0
0,19,3,4,5,0.0
0,19,3,4,4,0.0
0,20,1,4,4,0.0
0,20,2,4,3,0.0
0,19,6,0,5,58.2
0,20,4,3,2,0.0
0,20,4,4,2,0.0
0,19,6,1,6,68.2
0,19,6,3,5,42.7
0,20,4,3,3,0.0
0,20,2,4,2,0.0
0,20,3,5,1,3.6
0,21,2,5,2,0.0
0,20,6,3,2,35.3
0,21,2,5,4,0.0
0,21,4,5,4,0.0
0,21,2,5,3,0.0
0,19,7,2,5,116.8
0,21,4,4,4,0.0
0,21,4,4,3,0.0
0,21,2,4,3,0.0
0,22,4,4,2,0.0
0,20,5,2,3,81.3
0,22,4,3,2,0.0
0,20,6,3,2,106.2
0,20,6,4,1,145.0
0,21,7,5,2,208.0
1,11,2,0,12,0.0
1,11,3,0,11,0.0
1,12,2,0,10,0.0
1,12,3,0,9,0.0
1,12,4,0,8,0.0
1,12,2,0,7,0.0
1,12,2,0,6,0.0
1,12,5,0,5,0.0
1,12,2,0,4,0.0
1,12,5,0,6,0.0
1,12,6,0,7,0.0
1,13,4,0,9,0.0
1,13,6,0,9,0.0
1,13,5,0,9,0.0
1,13,3,0,8,0.0
1,14,3,0,8,0.0
1,14,2,0,8,0.0
1,14,5,0,7,0.0
1,14,1,0,7,0.0
1,14,4,0,6,0.0
1,14,1,0,5,0.0
1,15,2,0,8,0.0
1,15,3,0,7,0.0
1,15,6,0,10,0.0
1,16,4,0,10,0.0
1,16,2,0,10,0.0
1,17,4,0,10,0.0
1,17,2,0,10,0.0
1,17,4,0,9,0.0
1,17,5,0,9,0.0
1,17,5,0,8,0.0
1,18,1,0,7,0.0
1,18,4,0,6,0.0
1,18,2,0,8,0.0
1,19,3,0,9,0.0
1,19,6,0,8,0.0
1,19,3,0,9,0.0
1,19,3,0,9,0.0
1,19,3,0,8,0.0
1,19,4,0,7,0.0
1,19,4,0,6,0.0
1,19,1,0,5,0.0
1,19,3,0,4,0.0
1,19,2,1,3,0.0
1,19,2,1,2,0.0
1,19,3,0,3,22.7
1,20,4,0,1,3.3
1,20,3,0,1,5.4
1,20,2,1,1,0.0
1,20,4,1,4,0.0
1,20,3,1,5,0.0
1,20,4,1,5,0.0
1,20,2,1,4,0.0
1,20,7,1,1,50.2
1,20,5,0,3,0.0
1,21,2,0,2,0.0
1,21,2,0,3,0.0
1,21,3,0,4,0.0
1,21,2,0,4,0.0
1,21,2,0,3,0.0
1,21,2,0,2,0.0
1,21,5,0,1,0.0
1,21,3,0,3,0.0
2,11,2,0,12,0.0
2,11,3,0,11,0.0
2,11,2,0,10,0.0
2,11,3,0,9,0.0
2,11,6,0,9,0.0
2,11,6,0,8,0.0
2,12,1,0,7,0.0
2,12,6,0,6,0.0
2,12,4,0,6,0.0
2,12,2,0,6,0.0
2,12,4,0,5,0.0
2,12,2,0,5,0.0
2,12,2,0,4,0.0
2,12,3,0,3,0.0
2,12,4,0,2,0.0
2,12,3,0,2,0.0
2,13,5,0,2,0.0
2,13,2,1,1,0.0
2,13,4,0,1,1.8
2,13,2,3,0,3.9
2,13,2,5,0,2.3
2,13,3,0,0,15.0
2,13,3,4,0,28.1
2,13,5,1,0,36.2
2,13,3,5,0,35.3
2,13,2,9,0,17.4
2,13,2,10,0,20.6
2,13,4,5,0,49.0
2,13,2,10,0,25.9
2,13,4,6,0,51.4
2,13,5,2,0,73.0
2,13,4,6,0,55.7
2,13,5,7,0,55.8
2,13,2,10,0,35.7
2,13,4,8,0,60.1
2,13,8,10,0,56.5
2,13,4,10,0,50.6
2,14,3,5,0,32.0
2,14,5,4,0,61.7
2,15,1,1,6,0.0
2,15,6,1,5,37.0
2,16,1,0,8,0.0
2,17,2,0,12,0.0
2,17,4,0,11,0.0
2,17,4,0,10,0.0
2,17,3,0,9,0.0
2,17,4,0,8,0.0
2,18,4,0,8,0.0
2,18,8,0,8,0.0
2,18,2,0,7,0.0
2,18,3,0,6,0.0
2,18,3,0,6,0.0
2,19,2,0,5,0.0
2,19,3,0,4,0.0
2,19,2,0,5,0.0
2,19,4,0,6,0.0
2,19,4,0,5,0.0
2,19,3,0,4,0.0
2,19,2,0,3,0.0
2,19,4,0,3,0.0
2,19,5,0,2,0.0
2,19,1,0,2,0.0
2,19,2,0,2,0.0
2,19,7,0,1,0.0
2,19,1,0,1,0.0
2,20,4,0,2,0.0
2,20,2,1,1,0.0
2,20,4,0,1,2.8
2,20,3,0,1,1.4
2,20,4,2,2,0.0
2,20,1,3,3,0.0
2,20,2,4,2,0.0
2,20,2,4,1,0.0
2,20,2,4,2,0.0
2,21,3,4,2,0.0
2,20,5,0,2,35.4
2,21,2,3,2,0.0
2,21,2,3,2,0.0
2,21,2,3,1,0.0
2,20,5,1,2,52.7
2,21,1,3,0,5.2
2,21,4,3,0,19.9
2,20,6,2,2,64.5
2,21,4,3,1,9.9
2,21,2,3,2,0.0
2,21,3,2,2,6.9
2,20,5,3,2,91.9
2,21,5,2,1,40.1
2,21,6,3,1,23.3
2,22,3,0,5,0.0
2,22,2,1,4,0.0
2,22,5,0,4,57.1
2,22,7,1,3,65.0
3,11,3,0,12,0.0
3,11,2,0,11,0.0
3,12,3,0,10,0.0
3,12,3,0,9,0.0
3,12,2,0,9,0.0
3,12,2,0,8,0.0
3,12,4,0,8,0.0
3,12,4,0,7,0.0
3,12,6,0,6,0.0
3,13,2,0,6,0.0
3,13,2,0,5,0.0
3,13,4,0,4,0.0
3,13,2,0,3,0.0
3,13,2,0,2,0.0
3,13,2,0,2,0.0
3,13,4,0,1,0.0
3,13,1,0,0,1.2
3,13,2,4,2,0.0
3,13,3,1,0,9.0
3,13,4,2,0,9.0
3,13,2,3,1,0.0
3,13,4,3,0,14.3
3,14,4,2,2,0.0
3,13,5,0,0,32.4
3,13,6,2,1,15.3
3,14,4,1,1,5.4
3,14,3,0,4,0.0
3,14,2,0,3,0.0
3,14,4,0,3,0.0
3,14,4,0,2,9.0
3,14,4,0,3,0.0
3,14,3,0,2,12.6
3,14,4,1,2,16.8
3,15,4,0,9,0.0
3,16,3,0,11,0.0
3,16,4,0,10,0.0
3,16,1,0,9,0.0
3,17,6,0,9,0.0
3,17,2,0,8,0.0
3,17,2,0,8,0.0
3,17,3,0,8,0.0
3,18,2,0,9,0.0
3,18,2,0,8,0.0
3,18,1,0,7,0.0
3,18,3,0,6,0.0
3,18,4,0,8,0.0
3,18,2,0,8,0.0
3,18,3,0,7,0.0
3,18,2,0,6,0.0
3,18,1,0,5,0.0
3,19,2,0,5,0.0
3,19,2,0,5,0.0
3,19,3,0,4,0.0
3,19,4,0,3,0.0
3,19,4,0,2,0.0
3,19,4,0,2,0.0
3,19,2,2,3,0.0
3,19,4,2,3,0.0
3,19,2,2,2,0.0
3,19,4,2,1,0.1
3,19,4,2,1,8.5
3,19,3,3,1,9.4
3,20,2,6,2,0.0
3,19,4,5,1,16.6
3,19,5,0,1,48.9
3,19,7,1,3,52.3
3,20,1,5,1,0.0
3,19,6,4,1,47.1
3,20,2,5,0,5.2
3,20,2,4,0,0.9
3,20,3,4,1,26.5
3,20,4,5,0,4.5
3,19,5,5,1,65.8
3,20,3,4,0,9.8
3,21,1,4,1,0.0
3,20,4,3,1,3.0
3,20,5,5,1,65.5
3,21,4,3,0,15.2
3,20,6,5,1,67.6
3,21,4,3,2,19.2
3,21,2,4,3,0.0
3,21,4,3,3,29.1
3,21,4,4,2,13.8
3,21,4,5,2,12.7
3,20,6,4,0,108.4
3,21,5,3,1,75.7
3,22,2,1,4,0.0
3,21,6,4,3,73.6
3,22,3,0,5,0.0
4,11,4,0,12,0.0
4,11,5,0,11,0.0
4,11,3,0,10,0.0
4,11,2,0,9,0.0
4,12,1,0,8,0.0
4,12,2,0,9,0.0
4,12,2,0,8,0.0
4,12,2,0,9,0.0
4,12,1,0,8,0.0
4,12,2,0,7,0.0
4,12,4,0,6,0.0
4,12,2,0,5,0.0
4,12,2,0,4,0.0
4,12,4,0,3,0.0
4,12,4,0,2,0.0
4,12,2,0,1,0.0
4,12,2,1,0,9.8
4,13,2,2,0,15.8
4,12,3,0,0,26.0
4,13,3,3,0,20.7
4,13,1,4,0,27.9
4,13,2,6,0,27.5
4,13,2,6,0,18.6
4,13,2,7,0,13.9
4,13,2,9,0,14.3
4,13,6,5,0,43.2
4,13,2,10,0,22.8
4,13,3,6,0,32.3
4,13,5,5,0,41.3
4,13,4,6,0,36.7
4,13,2,8,0,11.0
4,13,3,8,0,50.1
4,13,3,10,0,55.5
4,13,3,8,0,50.0
4,14,2,8,0,1.7
4,13,6,9,0,61.1
4,13,3,7,0,51.1
4,14,3,8,0,68.0
4,13,6,9,0,78.3
4,14,4,8,0,74.7
4,14,5,8,0,67.6
4,14,3,9,0,66.1
4,14,4,9,0,65.1
4,15,4,3,3,1.0
4,14,8,9,0,76.7
4,16,2,4,5,0.0
4,14,6,7,0,88.9
4,16,2,3,5,0.0
4,16,3,4,5,0.0
4,15,5,5,3,86.9
4,16,2,3,5,0.0
4,16,3,3,4,0.0
4,15,5,3,4,98.4
4,16,5,3,4,79.2
4,17,2,2,7,0.0
4,17,3,2,6,0.0
4,17,2,2,5,0.0
4,18,2,2,5,0.0
4,18,3,2,4,0.0
4,18,2,2,4,0.0
4,16,6,3,5,107.7
4,18,4,1,3,0.0
4,18,2,1,2,0.0
4,18,2,2,1,0.0
4,17,5,3,6,71.2
4,18,4,1,0,10.5
4,18,4,2,0,8.5
4,18,2,3,2,0.0
4,18,3,3,0,6.1
4,19,2,2,2,0.0
4,18,6,1,1,43.2
4,19,2,3,2,0.0
4,18,3,2,2,30.5
4,19,4,1,1,14.0
4,19,4,2,2,22.6
4,19,3,1,1,14.5
4,19,3,1,2,28.9
4,20,2,5,4,0.0
4,20,2,5,3,0.0
4,19,3,2,2,33.5
4,19,4,5,3,27.0
4,19,6,3,2,34.0
4,19,3,5,3,24.1
4,19,5,4,2,49.5
4,20,3,4,2,23.0
4,20,2,4,3,0.0
4,20,4,2,2,20.6
4,20,3,2,2,17.8
4,20,2,4,2,0.0
4,20,4,3,3,21.6
4,20,4,4,2,15.1
4,21,2,3,2,0.0
4,20,6,3,2,40.6
4,20,4,3,2,16.3
4,21,3,3,1,14.5
4,21,2,3,1,0.0
4,21,4,3,1,27.9
4,21,3,2,1,21.7
4,21,1,4,1,0.0
4,21,3,3,1,24.5
4,21,4,3,0,21.7
4,21,4,3,0,19.5
4,21,5,4,1,38.5
4,21,7,4,1,41.3
4,22,3,3,4,5.6
4,22,3,2,4,7.2
4,22,2,4,4,0.0
4,22,2,4,3,0.0
4,21,5,3,0,57.2
4,22,4,3,2,6.1
4,22,5,3,4,98.6
4,22,6,3,4,83.1
4,22,6,3,4,90.6
5,11,5,0,12,0.0
5,11,7,0,11,0.0
5,11,6,0,10,0.0
5,11,2,0,9,0.0
5,11,4,0,9,0.0
5,12,4,0,8,0.0
5,12,3,0,7,0.0
5,12,2,0,6,0.0
5,12,2,0,6,0.0
5,12,4,0,6,0.0
5,12,4,0,6,0.0
5,12,2,0,5,0.0
5,12,2,0,5,0.0
5,12,2,0,4,0.0
5,12,4,0,4,0.0
5,13,4,0,4,0.0
5,13,2,0,3,0.0
5,13,2,0,2,0.0
5,13,4,0,4,0.0
5,13,2,0,4,0.0
5,13,2,0,3,0.0
5,13,2,0,2,0.0
5,13,4,0,1,0.0
5,13,2,1,1,0.0
5,13,2,3,1,0.0
5,13,6,0,1,15.5
5,13,3,1,1,11.6
5,13,2,1,1,0.0
5,13,6,2,1,17.5
5,14,2,0,3,0.0
5,14,2,1,4,0.0
5,14,3,1,4,0.0
5,14,3,1,5,0.0
5,14,5,0,2,35.6
5,14,2,0,5,0.0
5,14,2,0,4,0.0
5,15,2,0,4,0.0
5,15,1,0,3,0.0
5,15,4,0,2,0.0
5,15,2,0,1,0.0
5,15,1,0,2,0.0
5,15,2,0,1,0.0
5,15,2,0,0,12.7
5,15,2,1,0,8.8
5,15,5,0,1,0.0
5,15,2,0,3,0.0
5,16,3,0,5,0.0
5,17,3,0,11,0.0
5,17,3,0,10,0.0
5,17,2,0,10,0.0
5,17,2,0,9,0.0
5,17,4,0,8,0.0
5,17,2,0,7,0.0
5,17,6,0,7,0.0
5,18,3,0,6,0.0
5,18,2,0,5,0.0
5,18,2,0,4,0.0
5,18,4,0,3,0.0
5,18,2,0,3,0.0
5,18,2,0,3,0.0
5,18,4,0,3,0.0
5,18,2,0,2,0.0
5,18,2,0,1,0.0
5,18,2,0,0,3.5
5,18,4,1,0,6.3
5,18,2,1,0,9.1
5,18,2,1,0,3.9
5,19,3,0,1,14.9
5,19,2,2,3,0.0
5,19,4,1,3,10.3
5,19,4,1,3,5.5
5,19,4,1,4,0.0
5,19,2,1,3,0.0
5,19,2,2,3,0.0
5,19,3,2,2,0.0
5,19,5,1,2,5.7
5,19,3,1,1,0.0
5,19,2,1,0,13.3
5,19,2,2,0,15.2
5,19,2,4,0,22.5
5,19,4,3,0,29.0
5,20,1,4,0,18.4
5,20,2,8,0,11.3
5,20,3,5,0,24.2
5,19,5,5,0,35.5
5,20,4,6,0,23.4
5,20,3,7,0,21.6
5,20,2,7,0,21.7
5,19,8,0,3,75.3
5,20,5,9,0,41.1
5,20,2,7,0,26.9
5,20,2,6,0,27.6
5,20,3,6,0,35.5
5,20,4,7,0,35.7
5,20,3,7,0,32.0
5,20,2,8,0,36.2
5,20,2,9,0,38.3
5,20,2,8,0,34.4
5,20,1,8,0,44.3
5,20,4,9,0,46.7
5,20,2,9,0,55.4
5,20,4,10,0,60.7
5,20,2,12,0,61.2
5,20,3,13,0,63.5
5,21,2,11,0,56.8
5,21,2,12,0,40.2
5,21,3,10,0,64.4
5,21,2,13,0,26.1
5,20,6,11,0,79.3
5,21,3,12,0,61.8
5,21,3,13,0,58.3
5,21,2,12,0,34.5
5,21,5,12,0,91.0
5,21,4,11,0,50.0
5,21,5,12,0,86.3
5,22,2,11,0,40.7
5,22,2,8,0,25.8
5,22,2,9,0,22.8
5,22,3,8,0,56.2
5,21,6,12,0,94.2
5,22,3,8,0,36.7
